timestamp,alpha_outer,alpha_inner,beta_outer,beta_inner,tmax_outer,tmax_inner
2025-08-13 10:00,0.3479,0.4953,0.17757,0.23788,38.448,41.242
2025-08-13 10:15,0.35614,0.5108,0.18412,0.2513,38.463,41.518
2025-08-13 10:30,0.36506,0.52638,0.19772,0.26337,38.779,41.317
2025-08-13 10:45,0.3787,0.55584,0.20874,0.2833,39.538,41.09
2025-08-13 11:00,0.3805,0.5596,0.21162,0.29098,39.811,42.192
2025-08-13 11:15,0.3954,0.58035,0.21883,0.30188,39.807,41.774
2025-08-13 11:30,0.41746,0.60118,0.23118,0.32049,39.29,42.501
2025-08-13 11:45,0.43441,0.61482,0.23774,0.32814,39.915,41.625
2025-08-13 12:00,0.4297,0.61536,0.2385,0.33452,39.507,42.304
2025-08-13 12:15,0.46869,0.6385,0.26088,0.34235,40.839,40.995
2025-08-13 12:30,0.45898,0.63966,0.26266,0.34538,40.429,42.551
2025-08-13 12:45,0.44713,0.64368,0.25088,0.35486,38.727,41.783
2025-08-13 13:00,0.43926,0.64762,0.25048,0.34911,40.233,42.461
2025-08-13 13:15,0.4274,0.64439,0.24476,0.35533,39.505,41.474
2025-08-13 13:30,0.52793,0.65472,0.29952,0.36424,42.15,41.786
2025-08-13 13:45,0.44586,0.64076,0.25898,0.35665,39.606,41.573
2025-08-13 14:00,0.49315,0.6565,0.26732,0.35708,38.272,41.226
2025-08-13 14:15,0.4159,0.65058,0.23986,0.3625,38.291,41.505
2025-08-13 14:30,0.46356,0.65592,0.23019,0.34934,37.542,41.168
2025-08-13 14:45,0.44064,0.66068,0.24428,0.36074,39.153,42.363
2025-08-13 15:00,0.4469,0.64903,0.25088,0.35476,39.568,41.537
2025-08-13 15:15,0.45297,0.66044,0.2517,0.35572,38.598,40.566
2025-08-13 15:30,0.45768,0.65622,0.24112,0.34618,37.805,41.016
2025-08-13 15:45,0.43945,0.65304,0.2409,0.34934,38.327,41.123
2025-08-13 16:00,0.45659,0.64186,0.2433,0.34295,38.737,41.276
2025-08-13 16:15,0.5098,0.62948,0.28209,0.34669,40.909,41.478
2025-08-13 16:30,0.43332,0.61747,0.23736,0.3339,38.642,42.527
2025-08-13 16:45,0.4274,0.6334,0.22004,0.33644,36.809,40.849
2025-08-13 17:00,0.42205,0.60486,0.22162,0.31886,38.772,40.482
2025-08-13 17:15,0.38794,0.59542,0.21358,0.31314,38.576,41.372
2025-08-13 17:30,0.41612,0.5916,0.2246,0.30538,38.973,41.095
2025-08-13 17:45,0.3929,0.56642,0.20534,0.29429,38.549,41.758
2025-08-13 18:00,0.37756,0.55289,0.20328,0.28324,38.987,41.785
2025-08-13 18:15,0.37368,0.52396,0.19803,0.26436,39.083,41.311
2025-08-13 18:30,0.34092,0.49898,0.18294,0.24645,38.405,40.373
2025-08-13 18:45,0.3372,0.47651,0.17378,0.23361,37.621,40.83
2025-08-13 19:00,0.31522,0.44502,0.16341,0.21441,37.381,40.023
2025-08-13 19:15,0.29636,0.4096,0.15,0.19592,37.385,40.027
2025-08-13 19:30,0.25626,0.3747,0.13353,0.17162,37.173,39.711
2025-08-13 19:45,0.22704,0.34079,0.11698,0.14986,36.802,40.272
2025-08-13 20:00,0.22511,0.32443,0.11656,0.13827,36.87,39.253
2025-08-13 20:15,0.19932,0.29364,0.10462,0.1239,35.939,40.136
2025-08-13 20:30,0.19273,0.27416,0.09755,0.10828,36.402,38.939
2025-08-13 20:45,0.18874,0.26966,0.09402,0.1045,35.728,38.939
2025-08-13 21:00,0.18151,0.26511,0.08756,0.10069,36.24,38.621
2025-08-13 21:15,0.17208,0.24868,0.0899,0.09222,35.817,38.353
2025-08-13 21:30,0.15608,0.23122,0.07948,0.08034,36.548,38.672
2025-08-13 21:45,0.1581,0.23703,0.0832,0.08454,36.141,38.369
2025-08-13 22:00,0.14746,0.21734,0.07334,0.0723,36.805,39.447
2025-08-13 22:15,0.14494,0.21267,0.07654,0.0687,36.903,38.612
2025-08-13 22:30,0.15088,0.21621,0.07603,0.07257,36.228,38.197
2025-08-13 22:45,0.13636,0.20586,0.06666,0.0687,36.119,38.656
2025-08-13 23:00,0.13293,0.20118,0.06988,0.06424,36.013,38.809
2025-08-13 23:15,0.12761,0.19857,0.06408,0.06084,35.92,38.975
2025-08-13 23:30,0.1306,0.19857,0.06691,0.06084,35.612,38.823
2025-08-13 23:45,0.13578,0.19277,0.06964,0.0527,35.715,38.252
2025-08-14,0.12906,0.1955,0.06583,0.06034,36.652,38.36
2025-08-14 00:15,0.13019,0.19076,0.0662,0.05667,36.234,38.875
2025-08-14 00:30,0.1311,0.18622,0.06472,0.05314,35.148,38.1
2025-08-14 00:45,0.1306,0.18523,0.06709,0.04898,36.585,38.397
2025-08-14 01:00,0.11073,0.17754,0.05657,0.04898,36.337,37.734
2025-08-14 01:15,0.12541,0.19006,0.05692,0.04916,35.415,39.042
2025-08-14 01:30,0.10796,0.17094,0.05261,0.0446,36.241,38.363
2025-08-14 01:45,0.11486,0.1795,0.06218,0.0446,36.508,38.062
2025-08-14 02:00,0.11676,0.17483,0.05618,0.04878,36.665,38.218
2025-08-14 02:15,0.11218,0.16445,0.05998,0.04443,36.192,38.835
2025-08-14 02:30,0.11619,0.17458,0.0577,0.04096,34.689,38.057
2025-08-14 02:45,0.11264,0.16882,0.05692,0.04096,35.841,37.965
2025-08-14 03:00,0.11364,0.17846,0.05712,0.04898,35.833,38.215
2025-08-14 03:15,0.1162,0.17366,0.05692,0.04496,35.877,38.414
2025-08-14 03:30,0.10443,0.16793,0.05348,0.04061,35.878,37.846
2025-08-14 03:45,0.12434,0.17366,0.06342,0.04496,36.135,38.672
2025-08-14 04:00,0.1112,0.16702,0.06018,0.04083,35.939,38.323
2025-08-14 04:15,0.10763,0.15739,0.05348,0.03676,35.824,38.206
2025-08-14 04:30,0.09327,0.15574,0.04988,0.03662,35.985,38.938
2025-08-14 04:45,0.0978,0.15822,0.05056,0.03263,35.567,37.951
2025-08-14 05:00,0.09648,0.1461,0.05282,0.02849,36.241,38.468
2025-08-14 05:15,0.10488,0.15334,0.05386,0.03288,35.873,37.842
2025-08-14 05:30,0.08506,0.15334,0.04396,0.03263,35.981,38.779
2025-08-14 05:45,0.09898,0.16392,0.05011,0.03676,35.721,37.275
2025-08-14 06:00,0.10763,0.17846,0.05657,0.04898,35.761,37.728
2025-08-14 06:15,0.12747,0.19651,0.07212,0.06084,37.017,39.555
2025-08-14 06:30,0.15551,0.22077,0.07756,0.06896,35.298,37.834
2025-08-14 06:45,0.15618,0.22789,0.08054,0.07775,36.223,38.76
2025-08-14 07:00,0.18153,0.24998,0.09246,0.08872,36.593,38.147
2025-08-14 07:15,0.17544,0.26966,0.09246,0.10532,37.957,39.77
2025-08-14 07:30,0.18752,0.2906,0.10122,0.12012,37.356,39.478
2025-08-14 07:45,0.20566,0.30816,0.11156,0.13137,37.625,39.594
2025-08-14 08:00,0.2032,0.31844,0.10643,0.13508,37.509,40.046
2025-08-14 08:15,0.21448,0.32339,0.1134,0.13567,37.26,38.814
2025-08-14 08:30,0.22607,0.33464,0.11858,0.14658,36.216,39.838
2025-08-14 08:45,0.24555,0.36158,0.13178,0.16337,37.364,39.331
2025-08-14 09:00,0.25605,0.38664,0.1353,0.17797,37.777,39.589
2025-08-14 09:15,0.26456,0.40125,0.1388,0.19028,37.792,40.019
2025-08-14 09:30,0.2853,0.41374,0.15464,0.20107,38.363,40.745
2025-08-14 09:45,0.296,0.43643,0.16068,0.2117,39.04,41.164
2025-08-14 10:00,0.3079,0.44451,0.16321,0.21878,38.833,40.543
2025-08-14 10:15,0.30816,0.4595,0.16428,0.22752,37.637,40.176
2025-08-14 10:30,0.32462,0.46758,0.17577,0.23452,38.623,41.159
2025-08-14 10:45,0.34277,0.49644,0.18885,0.24932000000000001,38.981,40.691
2025-08-14 11:00,0.34589,0.52007,0.18532,0.27192,38.716,40.683
2025-08-14 11:15,0.36577,0.54621,0.19737,0.28547,38.679,41.478
2025-08-14 11:30,0.39313,0.57409,0.21497,0.3044,38.104,40.643
2025-08-14 11:45,0.40373,0.58552,0.22016,0.30986,39.197,41.735
2025-08-14 12:00,0.44293,0.61371,0.24514,0.32994,39.606,41.315
2025-08-14 12:15,0.46222,0.61684,0.26322,0.33122,40.852,41.835
2025-08-14 12:30,0.41664,0.61516,0.23086,0.33314,38.364,41.575
2025-08-14 12:45,0.40868,0.62585,0.24888,0.348,39.968,41.937
2025-08-14 13:00,0.46364,0.63475,0.2466,0.34426,38.799,41.441
2025-08-14 13:15,0.43718,0.64222,0.2446,0.34744,39.414,41.227
2025-08-14 13:30,0.56614,0.64658,0.31778,0.34934,43.976,42.214
2025-08-14 13:45,0.4648,0.64489,0.24006,0.3456,38.624,41.68
2025-08-14 14:00,0.40724,0.63598,0.23282,0.348,38.994,41.791
2025-08-14 14:15,0.41097,0.64186,0.22616,0.34882,38.476,42.258
2025-08-14 14:30,0.44832,0.63767,0.23458,0.34235,38.27,41.326
2025-08-14 14:45,0.4353,0.64259,0.2505,0.3539,38.585,41.538
2025-08-14 15:00,0.4212,0.66044,0.24302,0.36171,39.671,41.64
2025-08-14 15:15,0.46857,0.63684,0.2436,0.33715,38.476,41.686
2025-08-14 15:30,0.4643,0.6548,0.25304,0.34858,38.473,41.115
2025-08-14 15:45,0.44801,0.6635,0.25213,0.36128,39.209,41.748
2025-08-14 16:00,0.43392,0.6286,0.23166,0.33576,38.264,41.89
2025-08-14 16:15,0.42012,0.60486,0.2254,0.3201,38.477,41.948
2025-08-14 16:30,0.42528,0.60486,0.23061,0.31676,38.315,41.113
2025-08-14 16:45,0.40362,0.57931,0.21182,0.29774,38.573,41.526
2025-08-14 17:00,0.4018,0.5675,0.21486,0.28766,37.7,41.327
2025-08-14 17:15,0.40362,0.56663,0.21252,0.28993,38.537,41.335
2025-08-14 17:30,0.36566,0.53903,0.19524,0.27408,38.724,41.778
2025-08-14 17:45,0.35665,0.50544,0.18908,0.25682,38.846,41.901
2025-08-14 18:00,0.35196,0.50276,0.18785,0.2513,37.285,40.653
2025-08-14 18:15,0.3251,0.47324,0.17302,0.23638,37.548,40.913
2025-08-14 18:30,0.30944,0.4357,0.16158,0.2113,38.483,40.71
2025-08-14 18:45,0.2738,0.3971,0.14166,0.1867,37.073,40.853
2025-08-14 19:00,0.26238,0.38214,0.1385,0.17204,37.134,39.517
2025-08-14 19:15,0.24226,0.34352,0.11937,0.14918,37.229,40.439
2025-08-14 19:30,0.234,0.34352,0.11858,0.14918,36.964,40.177
2025-08-14 19:45,0.21432,0.31176,0.10816,0.12919,37.074,39.456
2025-08-14 20:00,0.19587,0.2967,0.10142,0.12156,36.601,39.138
2025-08-14 20:15,0.18154,0.27563,0.09434,0.10963,36.869,38.579
2025-08-14 20:30,0.17356,0.26368,0.08406,0.10105,35.926,39.138
2025-08-14 20:45,0.16228,0.2513,0.08164,0.09414,36.09,38.888
2025-08-14 21:00,0.16445,0.24112,0.08311,0.0881,36.235,38.617
2025-08-14 21:15,0.15618,0.23483,0.07785,0.0898,35.607,38.818
2025-08-14 21:30,0.14872,0.22548,0.07458,0.07775,35.727,38.524
2025-08-14 21:45,0.13994,0.22077,0.0713,0.07379,35.523,39.149
2025-08-14 22:00,0.15019,0.20908,0.07383,0.07348,36.806,38.359
2025-08-14 22:15,0.14506,0.21219,0.07328,0.06748,35.826,37.794
2025-08-14 22:30,0.13178,0.1959,0.068,0.06185,36.353,37.905
2025-08-14 22:45,0.12728,0.19277,0.06666,0.06108,36.127,38.252
2025-08-14 23:00,0.12516,0.18523,0.06492,0.05363,35.465,38.002
2025-08-14 23:15,0.12651,0.18622,0.06102,0.0538,36.395,38.777
2025-08-14 23:30,0.1306,0.18822,0.06517,0.05881,37.122,38.261
2025-08-14 23:45,0.11831,0.18902,0.05748,0.05737,36.703,38.515
2025-08-15,0.12894,0.17943,0.06709,0.04939,35.604,37.727
2025-08-15 00:15,0.11831,0.18037,0.06102,0.04532,35.555,38.091
2025-08-15 00:30,0.12093,0.18233,0.0579,0.04532,36.07,38.036
2025-08-15 00:45,0.1208,0.1706,0.06036,0.04112,35.208,37.332
2025-08-15 01:00,0.10397,0.16392,0.05386,0.03711,35.514,37.482
2025-08-15 01:15,0.10073,0.15412,0.05056,0.03711,35.342,37.981
2025-08-15 01:30,0.09614,0.1492,0.04731,0.02898,35.553,38.194
2025-08-15 01:45,0.09192,0.1492,0.05056,0.03306,35.417,37.801
2025-08-15 02:00,0.09898,0.1427,0.05011,0.02875,35.926,38.465
2025-08-15 02:15,0.08512,0.14122,0.04648,0.02861,35.462,37.843
2025-08-15 02:30,0.09238,0.14076,0.04808,0.02528,35.468,38.006
2025-08-15 02:45,0.09154,0.14502,0.04776,0.02932,35.918,37.885
2025-08-15 03:00,0.0896,0.14687,0.04682,0.03276,36.795,38.504
2025-08-15 03:15,0.08624,0.14687,0.04026,0.03276,35.41,37.794
2025-08-15 03:30,0.09113,0.13704,0.04696,0.02457,35.049,38.105
2025-08-15 03:45,0.0855,0.13142,0.0432,0.01639,35.252,38.463
2025-08-15 04:00,0.0606,0.1265,0.03015,0.02051,35.109,37.491
2025-08-15 04:15,0.07792,0.1265,0.04026,0.01643,34.735,37.791
2025-08-15 04:30,0.07792,0.13208,0.04026,0.02062,35.047,37.276
2025-08-15 04:45,0.07474,0.12712,0.03698,0.02051,35.354,37.323
2025-08-15 05:00,0.07792,0.13776,0.03686,0.02051,36.42,37.299
2025-08-15 05:15,0.0797,0.11394,0.04064,0.00834,34.578,38.357
2025-08-15 05:30,0.07248,0.12086,0.03984,0.01629,35.513,37.065
2025-08-15 05:45,0.075,0.13007,0.03946,0.02038,35.929,37.637
2025-08-15 06:00,0.06564,0.13072,0.03686,0.02444,35.145,38.769
2025-08-15 06:15,0.11318,0.14502,0.05712,0.02478,35.563,38.772
2025-08-15 06:30,0.09192,0.14842,0.04696,0.03276,35.712,37.679
2025-08-15 06:45,0.07896,0.15334,0.03698,0.03276,35.202,37.741
2025-08-15 07:00,0.10934,0.1622,0.056,0.04061,35.607,37.99
2025-08-15 07:15,0.11332,0.17094,0.05282,0.04443,36.139,38.367
2025-08-15 07:30,0.12327,0.18806,0.05657,0.05294,36.693,38.663
2025-08-15 07:45,0.1262,0.19076,0.063,0.06084,36.341,38.982
2025-08-15 08:00,0.15542,0.20481,0.08158,0.06843,36.702,38.67
2025-08-15 08:15,0.13293,0.22196,0.06988,0.07257,36.593,39.648
2025-08-15 08:30,0.16204,0.24282,0.0835,0.0891,36.655,39.037
2025-08-15 08:45,0.17634,0.26414,0.09154,0.10406,36.921,39.458
2025-08-15 09:00,0.2148,0.28474,0.11156,0.1159,37.808,40.191
2025-08-15 09:15,0.2002,0.30569,0.111,0.13025,37.136,40.608
2025-08-15 09:30,0.225,0.32609,0.11504,0.14308,37.278,39.091
2025-08-15 09:45,0.23638,0.34508,0.12556,0.15108,37.327,40.278
2025-08-15 10:00,0.2316,0.35118,0.12556,0.15108,37.59,39.299
2025-08-15 10:15,0.24866,0.37428,0.13262,0.17434,37.949,40.175
2025-08-15 10:30,0.25405,0.39914,0.13617,0.18233,36.965,40.332
2025-08-15 10:45,0.29378,0.4224,0.15516,0.19466,37.635,40.689
2025-08-15 11:00,0.29508,0.43904,0.15314,0.21252,38.252,41.722
2025-08-15 11:15,0.3372,0.47991,0.17124,0.23284,37.951,40.593
2025-08-15 11:30,0.35766,0.5162,0.1896,0.25579,38.145,40.787
2025-08-15 11:45,0.35414,0.53735,0.199,0.27192,38.37,41.167
2025-08-15 12:00,0.42528,0.58464,0.2276,0.29788,38.274,40.503
2025-08-15 12:15,0.40906,0.59255,0.21714,0.30347,38.658,41.195
2025-08-15 12:30,0.40203,0.60233,0.22238,0.31886,39.495,41.878
2025-08-15 12:45,0.40356,0.6185,0.2163,0.32594,38.109,41.32
2025-08-15 13:00,0.4386,0.64658,0.23618,0.3351,39.207,41.176
2025-08-15 13:15,0.46322,0.65244,0.2554,0.3456,39.72,41.119
2025-08-15 13:30,0.43392,0.65154,0.23154,0.34172,38.267,41.064
2025-08-15 13:45,0.4643,0.65566,0.24412,0.34694,38.738,41.12
2025-08-15 14:00,0.44492,0.65973,0.23872,0.34426,39.147,41.374
2025-08-15 14:15,0.4353,0.65185,0.22616,0.3404,38.461,41.672
2025-08-15 14:30,0.42286,0.64903,0.23929,0.34882,38.833,40.644
2025-08-15 14:45,0.45306,0.64419,0.23678,0.3358,38.011,40.652
2025-08-15 15:00,0.4458,0.64766,0.23216,0.33846,38.901,40.455
2025-08-15 15:15,0.42817,0.64068,0.22312,0.3358,37.851,41.32
2025-08-15 15:30,0.472,0.65185,0.26,0.3404,39.712,42.665
2025-08-15 15:45,0.40361,0.63,0.2186,0.3325,38.359,41.571
2025-08-15 16:00,0.44014,0.6422,0.22936,0.32698,37.848,41.473
2025-08-15 16:15,0.40914,0.62569,0.2186,0.32594,38.516,41.314
2025-08-15 16:30,0.40722,0.60744,0.2239,0.31015,38.098,41.463
2025-08-15 16:45,0.41824,0.59172,0.2186,0.30129,38.348,41.3
2025-08-15 17:00,0.40719,0.58547,0.22312,0.29552,39.086,41.727
2025-08-15 17:15,0.36434,0.55862,0.18908,0.27749,37.275,40.64
2025-08-15 17:30,0.39064,0.54544,0.20269,0.26932,37.679,40.06
2025-08-15 17:45,0.36218,0.51634,0.18294,0.2488,37.481,40.123
2025-08-15 18:00,0.34551,0.49022,0.1786,0.23473,36.705,41.315
2025-08-15 18:15,0.32972,0.47248,0.17124,0.22227,36.805,40.431
2025-08-15 18:30,0.28894,0.4334,0.1443,0.19827,37.384,40.335
2025-08-15 18:45,0.26826,0.39674,0.13218,0.17351,37.073,39.457
2025-08-15 19:00,0.24514,0.35537,0.12218,0.14978,37.225,39.763
2025-08-15 19:15,0.22114,0.32748,0.111,0.1373,36.6,38.984
2025-08-15 19:30,0.20732,0.30144,0.1043,0.11345,36.121,38.918
2025-08-15 19:45,0.19273,0.28001,0.09755,0.10148,36.4,38.783
2025-08-15 20:00,0.16956,0.24798,0.0835,0.08947,36.866,38.161
2025-08-15 20:15,0.15412,0.23262,0.07735,0.07742,35.773,38.31
2025-08-15 20:30,0.13873,0.21488,0.06666,0.06896,36.079,38.202
2025-08-15 20:45,0.1306,0.20655,0.06709,0.06135,36.032,38.415
2025-08-15 21:00,0.11882,0.18622,0.0608,0.05336,35.771,38.152
2025-08-15 21:15,0.11218,0.18523,0.05348,0.04916,36.394,37.274
2025-08-15 21:30,0.10852,0.16882,0.05364,0.04083,35.2,38.411
2025-08-15 21:45,0.10119,0.16481,0.04731,0.03692,35.669,37.482
2025-08-15 22:00,0.11414,0.1492,0.05056,0.02875,35.98,37.792
2025-08-15 22:15,0.09828,0.14658,0.0516,0.02516,35.253,37.791
2025-08-15 22:30,0.0974,0.1442,0.0474,0.02062,34.675,37.056
2025-08-15 22:45,0.09192,0.14502,0.0438,0.02478,35.558,37.372
2025-08-15 23:00,0.09154,0.13848,0.04696,0.02469,36.13,37.683
2025-08-15 23:15,0.08934,0.14154,0.04428,0.02508,35.511,38.152
2025-08-15 23:30,0.08736,0.13424,0.04026,0.01654,36.282,38.25
2025-08-15 23:45,0.08354,0.12919,0.0438,0.02068,35.452,37.835
2025-08-16,0.08109,0.13279,0.0381,0.01704,35.366,36.92
2025-08-16 00:15,0.07896,0.12415,0.04048,0.01246,35.874,36.858
2025-08-16 00:30,0.08208,0.12346,0.04339,0.01232,35.048,37.276
2025-08-16 00:45,0.08512,0.11776,0.03984,0.01243,35.673,36.812
2025-08-16 01:00,0.07728,0.11776,0.04014,0.00828,35.5,37.882
2025-08-16 01:15,0.06087,0.10702,0.03354,0.00414,34.621,36.588
2025-08-16 01:30,0.06748,0.1165,0.03635,0.00822,35.415,36.555
2025-08-16 01:45,0.06782,0.10647,0.03311,0.00414,34.939,37.321
2025-08-16 02:00,0.04793,0.09528,0.02672,-0.00413,34.933,37.727
2025-08-16 02:15,0.03034,0.09582,0.01666,0,34.667,37.049
2025-08-16 02:30,0.05686,0.09118,0.02352,0,34.975,36.527
2025-08-16 02:45,0.06087,0.09631,0.02681,0,34.57,37.782
2025-08-16 03:00,0,0.09072,0.01008,-0.00413,35.075,36.782
2025-08-16 03:15,0.08406,0.09118,0.03956,-0.00833,36.118,36.998
2025-08-16 03:30,0.03444,0.07959,0.01999,-0.00821,35.135,36.946
2025-08-16 03:45,0.02714,0.07166,0.01032,-0.01697,34.525,37.736
2025-08-16 04:00,0.04344,0.08045,0.0234,-0.01245,35.192,37.574
2025-08-16 04:15,0.06422,0.07959,0.02658,-0.01239,35.865,37.263
2025-08-16 04:30,0.06422,0.08002,0.02334,-0.01245,35.299,38.509
2025-08-16 04:45,0.02628,0.07484,0.01342,-0.01245,34.775,37.829
2025-08-16 05:00,0.0687,0.0809,0.03656,-0.01249,36.01,36.475
2025-08-16 05:15,0.02142,0.07484,0.01676,-0.01259,35.776,37.329
2025-08-16 05:30,0.02956,0.0737,0.01654,-0.01239,35.516,37.743
2025-08-16 05:45,0.0469,0.07408,0.02318,-0.01237,35.005,37.646
2025-08-16 06:00,0.03387,0.06825,0.01985,-0.01641,35.203,36.756
2025-08-16 06:15,0.03692,0.07754,0.02274,-0.00815,35.872,37.166
2025-08-16 06:30,0.05193,0.06896,0.02667,-0.01649,35.048,36.6
2025-08-16 06:45,0.05935,0.07959,0.02318,-0.00821,35.618,36.497
2025-08-16 07:00,0.02543,0.0888,0.01644,-0.00415,35.404,37.371
2025-08-16 07:15,0.07038,0.09977,0.03276,0,35.924,37.478
2025-08-16 07:30,0.09172,0.11591,0.03972,0.0123,36.033,37.018
2025-08-16 07:45,0.0744,0.1115,0.04014,0.0041,35.144,36.697
2025-08-16 08:00,0.05819,0.1025,0.02708,0.00414,35.503,37.315
2025-08-16 08:15,0.0622,0.09223,0.03032,-0.00419,34.982,36.277
2025-08-16 08:30,0.08666,0.09582,0.03935,-0.00413,35.924,36.804
2025-08-16 08:45,0.081,0.1086,0.03898,0.01218,35.868,37.007
2025-08-16 09:00,0.0988,0.13007,0.04574,0.01625,35.41,38.208
2025-08-16 09:15,0.08303,0.13762,0.04574,0.02816,35.51,37.893
2025-08-16 09:30,0.11725,0.15655,0.05298,0.03676,36.188,37.328
2025-08-16 09:45,0.08476,0.16054,0.03647,0.04061,36.074,38.455
2025-08-16 10:00,0.08854,0.16308,0.04036,0.04083,35.454,38.095
2025-08-16 10:15,0.10222,0.16793,0.05298,0.04476,35.756,37.878
2025-08-16 10:30,0.11424,0.18233,0.05639,0.04878,35.917,38.142
2025-08-16 10:45,0.1278,0.20328,0.063,0.06084,35.866,38.247
2025-08-16 11:00,0.13468,0.1948,0.06366,0.05294,36.335,38.459
2025-08-16 11:15,0.1341,0.19752,0.066,0.0569,36.342,38.155
2025-08-16 11:30,0.11566,0.18622,0.05404,0.05314,35.355,37.584
2025-08-16 11:45,0.11776,0.18806,0.05942,0.05294,36.456,39.409
2025-08-16 12:00,0.14781,0.21156,0.07506,0.0687,36.341,37.895
2025-08-16 12:15,0.17324,0.25518,0.09154,0.09604,36.398,39.609
2025-08-16 12:30,0.15412,0.25968,0.0763,0.0999,36.238,39.035
2025-08-16 12:45,0.17998,0.25782,0.0899,0.09646,36.547,38.928
2025-08-16 13:00,0.19892,0.26966,0.0969,0.10492,36.337,39.549
2025-08-16 13:15,0.17132,0.27416,0.0899,0.1045,36.428,39.224
2025-08-16 13:30,0.18452,0.2803,0.1033,0.11211,38.396,39.275
2025-08-16 13:45,0.23814,0.31734,0.12167,0.13137,36.739,39.689
2025-08-16 14:00,0.26628,0.36024,0.13353,0.16506,37.727,40.522
2025-08-16 14:15,0.26648,0.37198,0.12948,0.17,37.648,40.291
2025-08-16 14:30,0.25076,0.39922,0.12824,0.18806,37.605,39.418
2025-08-16 14:45,0.26854,0.40748,0.13659,0.18806,38.572,40.281
2025-08-16 15:00,0.27763,0.41181,0.13308,0.18523,36.974,40.185
2025-08-16 15:15,0.27886,0.39478,0.13708,0.17943,37.237,39.463
2025-08-16 15:30,0.2439,0.37388,0.12824,0.16636,37.474,39.595
2025-08-16 15:45,0.26426,0.40966,0.1353,0.18954,37.94,40.322
2025-08-16 16:00,0.28647,0.42217,0.14097,0.19238,36.756,40.64
2025-08-16 16:15,0.28643,0.42463,0.13972,0.19028,37.113,40.583
2025-08-16 16:30,0.27503,0.41181,0.13617,0.18523,37.594,39.821
2025-08-16 16:45,0.26859,0.3989,0.13578,0.1749,37.17,39.966
2025-08-16 17:00,0.26736,0.39467,0.1385,0.18233,37.584,39.81
2025-08-16 17:15,0.28274,0.39478,0.13928,0.17504,37.216,39.184
2025-08-16 17:30,0.23276,0.37155,0.12284,0.16337,36.497,40.123
2025-08-16 17:45,0.24914,0.36098,0.12244,0.15905,37.475,39.182
2025-08-16 18:00,0.25187,0.35665,0.12206,0.15536,37.529,40.582
2025-08-16 18:15,0.20945,0.34352,0.10676,0.13994,36.077,38.874
2025-08-16 18:30,0.24112,0.33293,0.11895,0.13617,37.115,40.067
2025-08-16 18:45,0.19498,0.3122,0.10073,0.12262,37.385,38.783
2025-08-16 19:00,0.20111,0.28616,0.09973,0.10872,36.707,38.677
2025-08-16 19:15,0.17757,0.26788,0.09019,0.09722,36.861,38.569
2025-08-16 19:30,0.16844,0.25324,0.08213,0.09222,36.709,38.107
2025-08-16 19:45,0.14872,0.23483,0.07037,0.081,36.137,38.673
2025-08-16 20:00,0.12516,0.21722,0.0608,0.06926,35.676,38.628
2025-08-16 20:15,0.13584,0.2113,0.06691,0.06502,35.418,38.214
2025-08-16 20:30,0.13828,0.19798,0.06387,0.05712,35.619,37.171
2025-08-16 20:45,0.12369,0.18841,0.05533,0.04628,35.415,37.383
2025-08-16 21:00,0.09486,0.1666,0.04731,0.03692,35.25,36.959
2025-08-16 21:15,0.11514,0.15749,0.05734,0.03318,35.354,37.479
2025-08-16 21:30,0.09828,0.15749,0.04708,0.03306,35.469,37.593
2025-08-16 21:45,0.09699,0.14658,0.04354,0.02062,34.691,37.075
2025-08-16 22:00,0.07243,0.13132,0.03387,0.01656,35.608,36.592
2025-08-16 22:15,0.10119,0.13132,0.04696,0.01243,34.898,36.452
2025-08-16 22:30,0.06171,0.12102,0.02717,0.0084,35.93,37.744
2025-08-16 22:45,0.09614,0.11394,0.04354,0.00828,35.52,37.488
2025-08-16 23:00,0.02667,0.10362,0.02033,0.00836,34.89,37.271
2025-08-16 23:15,0.0579,0.10816,0.02358,0.00414,35.413,37.796
2025-08-16 23:30,0.07243,0.08698,0.02376,-0.00831,34.527,37.065
2025-08-16 23:45,0.07408,0.10532,0.03898,0,35.666,36.805
2025-08-17,0.04344,0.09528,0.01999,-0.00415,34.931,37.572
2025-08-17 00:15,0.03616,0.08698,0.01353,-0.00833,34.312,37.107
2025-08-17 00:30,0.0531,0.08607,0.0234,-0.00821,34.72,36.531
2025-08-17 00:45,0.06594,0.07776,0.03046,-0.01275,35.571,36.709
2025-08-17 01:00,0.03536,0.08264,0.02039,-0.01275,35.617,37.169
2025-08-17 01:15,0.04793,0.07526,0.02658,-0.01237,35.144,36.024
2025-08-17 01:30,-0.00447,0.07009,0,-0.02061,34.007,36.39
2025-08-17 01:45,0.03804,0.07408,0.01956,-0.01641,35.297,37.421
2025-08-17 02:00,0.0461,0.07484,0.0228,-0.01649,35.499,36.639
2025-08-17 02:15,0.0427,0.07609,0.01672,-0.01267,35.297,36.177
2025-08-17 02:30,0.03635,0.05552,0.01014,-0.02503,34.933,36.072
2025-08-17 02:45,0.04532,0.07875,0.02274,-0.01231,35.031,36.997
2025-08-17 03:00,0.04404,0.07009,0.01666,-0.01237,34.252,36.632
2025-08-17 03:15,0.03754,0.06896,0.0163,-0.01641,35.866,36.746
2025-08-17 03:30,0.0374,0.06283,0.0163,-0.01633,35.348,36.902
2025-08-17 03:45,0.02084,0.06754,0.00978,-0.01217,35.544,36.527
2025-08-17 04:00,-0.02657,0.06348,-0.00667,-0.01231,34.983,37.623
2025-08-17 04:15,0.0043,0.0638,0,-0.02057,34.993,37.634
2025-08-17 04:30,0.01301,0.05833,0.0099,-0.02051,34.504,36.315
2025-08-17 04:45,0.04532,0.06896,0.02274,-0.02051,36.398,36.451
2025-08-17 05:00,0.02543,0.05232,0.00984,-0.02447,35.277,36.675
2025-08-17 05:15,0.0256,0.05344,0.00999,-0.02085,35.636,36.619
2025-08-17 05:30,0.02528,0.05232,0.00982,-0.02447,35.069,37.036
2025-08-17 05:45,-0.01811,0.04878,-0.00681,-0.02939,34.605,36.157
2025-08-17 06:00,0.05639,0.04344,0.01661,-0.03311,35.54,36.937
2025-08-17 06:15,0.0467,0.0485,0.01672,-0.02513,35.948,36.001
2025-08-17 06:30,0.00872,0.05288,0.00662,-0.02855,34.604,37.242
2025-08-17 06:45,0.05124,0.06416,0.02636,-0.02057,35.706,36.017
2025-08-17 07:00,0.07248,0.0638,0.0199,-0.02463,35.756,36.325
2025-08-17 07:15,0.00898,0.0697,0.0034,-0.01255,34.765,36.733
2025-08-17 07:30,0.03506,0.07254,0.00335,-0.01213,34.616,37.671
2025-08-17 07:45,0.05105,0.09428,0.01977,-0.00415,34.925,36.737
2025-08-17 08:00,0.10324,0.11956,0.05146,0.01218,36.689,37.672
2025-08-17 08:15,0.08556,0.11715,0.04225,0.01608,36.64,37.366
2025-08-17 08:30,0.04731,0.12448,0.02973,0.02026,35.469,38.265
2025-08-17 08:45,0.12156,0.15012,0.06158,0.03238,36.695,37.419
2025-08-17 09:00,0.15037,0.17483,0.07145,0.04836,36.229,37.525
2025-08-17 09:15,0.0984,0.20418,0.04544,0.07117,36.492,38.305
2025-08-17 09:30,0.1579,0.22984,0.07432,0.08698,37.327,38.053
2025-08-17 09:45,0.1579,0.2367,0.07747,0.08317,37.378,38.518
2025-08-17 10:00,0.17452,0.25968,0.08294,0.09604,36.492,39.549
2025-08-17 10:15,0.17132,0.24612,0.08264,0.09186,36.296,39.663
2025-08-17 10:30,0.14902,0.24112,0.06848,0.08698,36.814,38.524
2025-08-17 10:45,0.17791,0.23551,0.08724,0.08317,37.11,38.663
2025-08-17 11:00,0.13019,0.19912,0.06556,0.06402,36.278,39.075
2025-08-17 11:15,0.10397,0.1955,0.04988,0.06034,35.312,38.523
2025-08-17 11:30,0.12242,0.20066,0.0577,0.06185,36.303,38.115
2025-08-17 11:45,0.14308,0.18981,0.06896,0.0521,35.673,38.315
2025-08-17 12:00,0.09813,0.20724,0.04648,0.06784,36.084,38.881
2025-08-17 12:15,0.15724,0.24316,0.08388,0.09455,37.118,39.916
2025-08-17 12:30,0.13972,0.23336,0.07236,0.08354,36.441,38.668
2025-08-17 12:45,0.14658,0.23101,0.07145,0.0794,36.557,38.785
2025-08-17 13:00,0.17778,0.26012,0.09124,0.09869,37.23,38.784
2025-08-17 13:15,0.17764,0.261,0.08928,0.10024,36.081,38.877
2025-08-17 13:30,0.19146,0.2628,0.0918,0.09946,37.23,39.198
2025-08-17 13:45,0.1846,0.28916,0.09658,0.11776,37.283,39.407
2025-08-17 14:00,0.18538,0.2818,0.08868,0.11452,36.451,39.818
2025-08-17 14:15,0.18547,0.27248,0.0911,0.10233,37.059,39.597
2025-08-17 14:30,0.16988,0.27443,0.08583,0.11165,36.556,39.095
2025-08-17 14:45,0.1925,0.27868,0.0937,0.11345,35.716,39.91
2025-08-17 15:00,0.19006,0.28474,0.09246,0.11541,36.081,39.136
2025-08-17 15:15,0.17764,0.27443,0.08583,0.11165,36.087,39.453
2025-08-17 15:30,0.18002,0.27443,0.0918,0.11165,37.168,39.808
2025-08-17 15:45,0.20649,0.31248,0.105,0.13508,36.821,39.618
2025-08-17 16:00,0.23881,0.34158,0.12394,0.14622,38.311,40.953
2025-08-17 16:15,0.25395,0.37657,0.12736,0.16868,37.793,41.005
2025-08-17 16:30,0.26602,0.39307,0.13486,0.1816,37.897,39.864
2025-08-17 16:45,0.23562,0.37006,0.11972,0.17,37.33,39.972
2025-08-17 17:00,0.25455,0.3824,0.12556,0.17,37.276,39.659
2025-08-17 17:15,0.26714,0.40748,0.13744,0.1916,38.467,40.436
2025-08-17 17:30,0.29394,0.42217,0.14641,0.20107,37.264,40.319
2025-08-17 17:45,0.27145,0.40966,0.13617,0.18954,37.603,40.555
2025-08-17 18:00,0.2791,0.41173,0.14142,0.18876,37.803,40.341
2025-08-17 18:15,0.25187,0.38823,0.12942,0.17857,36.977,39.775
2025-08-17 18:30,0.2366,0.34435,0.11622,0.14683,36.919,40.129
2025-08-17 18:45,0.20552,0.29986,0.10174,0.12262,36.805,38.617
2025-08-17 19:00,0.18627,0.27563,0.08668,0.1045,36.806,39.187
2025-08-17 19:15,0.17208,0.25918,0.08294,0.09222,36.396,39.193
2025-08-17 19:30,0.16106,0.24246,0.07562,0.07901,36.397,38.365
2025-08-17 19:45,0.14342,0.22077,0.07015,0.07316,36.861,38.985
2025-08-17 20:00,0.13752,0.2102,0.06964,0.06476,36.148,37.961
2025-08-17 20:15,0.1295,0.1948,0.06323,0.0569,35.882,38.42
2025-08-17 20:30,0.13238,0.18902,0.0662,0.0527,36.198,38.425
2025-08-17 20:45,0.1112,0.16702,0.05618,0.0405,36.256,38.069
2025-08-17 21:00,0.10982,0.15739,0.056,0.03662,35.531,38.485
2025-08-17 21:15,0.09731,0.15739,0.04958,0.03676,36.192,37.9
2025-08-17 21:30,0.09327,0.14122,0.04618,0.02849,35.632,37.755
2025-08-17 21:45,0.08476,0.12516,0.04618,0.02038,36.45,37.745
2025-08-17 22:00,0.04344,0.11528,0.02328,0.01218,34.681,36.391
2025-08-17 22:15,0.07156,0.11528,0.0362,0.01224,35.665,37.063
2025-08-17 22:30,0.05906,0.10973,0.02966,0.01224,35.875,37.998
2025-08-17 22:45,0.06508,0.09977,0.02992,0.00812,35.249,37.632
2025-08-17 23:00,0.06748,0.10034,0.02966,0.0041,35.929,36.394
2025-08-17 23:15,0.04327,0.09478,0.0199,0,35.108,35.988
2025-08-17 23:30,0.05564,0.08972,0.02646,-0.00415,35.823,37.221
2025-08-17 23:45,0.03402,0.07328,0.01654,-0.00817,35.197,36.181
2025-08-18,0.03428,0.07916,0.0199,-0.00823,35.664,36.805
2025-08-18 00:15,0.03402,0.07328,0.01654,-0.01231,35.145,36.285
2025-08-18 00:30,0.03884,0.06825,0.01654,-0.01223,35.618,37.587
2025-08-18 00:45,0.0256,0.06858,0.0133,-0.01641,35.052,38.005
2025-08-18 01:00,0.03402,0.0737,0.01654,-0.01231,34.906,37.446
2025-08-18 01:15,0.03804,0.06825,0.01973,-0.01633,34.946,36.758
2025-08-18 01:30,0.03816,0.06318,0.01977,-0.02051,35.248,37.215
2025-08-18 01:45,0.03402,0.06858,0.01644,-0.01633,34.492,37.29
2025-08-18 02:00,0.03855,0.06858,0.01654,-0.01641,35.838,36.718
2025-08-18 02:15,0.03444,0.06896,0.0133,-0.01649,34.886,37.113
2025-08-18 02:30,0.01738,0.06858,0.00996,-0.02051,35.066,37.294
2025-08-18 02:45,0.039,0.0697,0.01666,-0.01659,35.001,37.539
2025-08-18 03:00,0.0467,0.07959,0.01977,-0.01239,34.894,37.276
2025-08-18 03:15,0.01293,0.0679,0.00662,-0.01633,35.469,36.608
2025-08-18 03:30,0.04422,0.07051,0.01676,-0.02075,35.15,36.858
2025-08-18 03:45,0.03318,0.07294,0.0163,-0.01629,35.407,36.96
2025-08-18 04:00,0.01713,0.06825,0.01316,-0.01629,34.678,37.318
2025-08-18 04:15,0.03522,0.07009,0.01338,-0.01649,34.731,37.113
2025-08-18 04:30,0.03402,0.0745,0.01316,-0.01239,36.028,37.324
2025-08-18 04:45,0.0399,0.07654,0.01701,-0.01267,35.493,36.633
2025-08-18 05:00,0.03972,0.07009,0.02016,-0.02075,35.55,36.843
2025-08-18 05:15,0.05764,0.08128,0.02352,-0.00831,34.928,36.326
2025-08-18 05:30,0.04484,0.07776,0.02052,-0.01697,34.729,36.436
2025-08-18 05:45,0.03506,0.07009,0.01338,-0.01659,34.826,36.638
2025-08-18 06:00,0.05784,0.0842,0.02605,-0.00815,35.606,35.916
2025-08-18 06:15,0.03772,0.08376,0.01967,-0.00815,35.159,36.868
2025-08-18 06:30,0.05956,0.08468,0.02646,-0.00823,35.569,37.123
2025-08-18 06:45,0.06502,0.1086,0.03245,0.0081,35.67,37.638
2025-08-18 07:00,0.07379,0.12194,0.03572,0.01606,35.414,38.209
2025-08-18 07:15,0.09286,0.15254,0.04354,0.03724,35.879,37.848
2025-08-18 07:30,0.11054,0.17676,0.0521,0.04797,36.566,38.949
2025-08-18 07:45,0.13025,0.20066,0.06468,0.0676,36.755,39.138
2025-08-18 08:00,0.15348,0.23122,0.07284,0.08034,37.02,39.402
2025-08-18 08:15,0.15154,0.23576,0.07581,0.08422,36.03,39.239
2025-08-18 08:30,0.16564,0.25518,0.08186,0.09604,36.852,38.819
2025-08-18 08:45,0.1749,0.2659,0.08756,0.10703,37.212,38.765
2025-08-18 09:00,0.20394,0.31521,0.10397,0.134,37.631,39.753
2025-08-18 09:15,0.23855,0.36082,0.1227,0.16803,37.016,41.056
2025-08-18 09:30,0.25844,0.38517,0.13264,0.18375,38.163,40.701
2025-08-18 09:45,0.28881,0.41353,0.15412,0.19792,38.584,40.967
2025-08-18 10:00,0.30333,0.4409,0.15874,0.21869,38.421,40.389
2025-08-18 10:15,0.3114,0.46448,0.16219,0.23091,38.67,41.206
2025-08-18 10:30,0.31176,0.49143,0.16021,0.24742,38.627,40.751
2025-08-18 10:45,0.33716,0.49388,0.17088,0.24645,38.157,40.279
2025-08-18 11:00,0.35414,0.53569,0.18885,0.27654,38.361,41.157
2025-08-18 11:15,0.37597,0.54338,0.19607,0.2788,39.435,41.402
2025-08-18 11:30,0.37403,0.56734,0.19438,0.29544,38.466,41.677
2025-08-18 11:45,0.37532,0.5596,0.19564,0.28878,38.978,41.619
2025-08-18 12:00,0.40544,0.60302,0.21358,0.31966,39.327,41.139
2025-08-18 12:15,0.40719,0.60302,0.21358,0.3164,39.391,41.929
2025-08-18 12:30,0.41602,0.63926,0.2239,0.35123,38.399,42.024
2025-08-18 12:45,0.44223,0.64594,0.23054,0.34618,39.02,41.815
2025-08-18 13:00,0.45388,0.6786,0.24924,0.37296,39.456,41.839
2025-08-18 13:15,0.42422,0.62911,0.21928,0.33445,38.312,41.265
2025-08-18 13:30,0.4297,0.64967,0.22826,0.35255,39.136,41.518
2025-08-18 13:45,0.45196,0.65304,0.23638,0.35708,38.356,42.55
2025-08-18 14:00,0.43945,0.67114,0.23718,0.3603,39.293,41.935
2025-08-18 14:15,0.44758,0.6786,0.24428,0.3684,39.451,41.575
2025-08-18 14:30,0.47423,0.66328,0.25471,0.36084,39.175,41.714
2025-08-18 14:45,0.43024,0.6676,0.23268,0.36348,38.935,41.163
2025-08-18 15:00,0.45344,0.66372,0.24383,0.35851,39.145,40.958
2025-08-18 15:15,0.44892,0.65622,0.23577,0.35665,38.308,41.674
2025-08-18 15:30,0.45344,0.66022,0.23929,0.35255,38.669,41.879
2025-08-18 15:45,0.47067,0.65304,0.25782,0.34934,39.809,40.949
2025-08-18 16:00,0.46462,0.64903,0.25088,0.34426,39.505,41.471
2025-08-18 16:15,0.42696,0.62384,0.2246,0.33514,38.105,42.145
2025-08-18 16:30,0.42598,0.6286,0.22236,0.32774,39.035,40.589
2025-08-18 16:45,0.43432,0.62288,0.2134,0.32339,39.029,40.841
2025-08-18 17:00,0.40904,0.61248,0.2106,0.3176,38.459,41.669
2025-08-18 17:15,0.38674,0.57363,0.19287,0.2888,37.695,40.646
2025-08-18 17:30,0.37231,0.5576,0.19036,0.27733,37.319,40.27
2025-08-18 17:45,0.35614,0.54472,0.18412,0.26958,37.118,40.899
2025-08-18 18:00,0.3504,0.52021,0.1793,0.25822,38.472,41.114
2025-08-18 18:15,0.32365,0.5014,0.16817,0.24432,37.542,41.168
2025-08-18 18:30,0.30976,0.47084,0.15784,0.22222,37.592,39.976
2025-08-18 18:45,0.29798,0.4353,0.1479,0.20186,36.717,40.499
2025-08-18 19:00,0.27121,0.40544,0.13394,0.17943,37.128,39.926
2025-08-18 19:15,0.24686,0.37108,0.12132,0.1647,36.711,39.923
2025-08-18 19:30,0.2369,0.33915,0.11382,0.14049,36.348,38.576
2025-08-18 19:45,0.2113,0.30888,0.10073,0.1249,36.403,39.615
2025-08-18 20:00,0.18552,0.28001,0.08786,0.10576,36.447,38.415
2025-08-18 20:15,0.17664,0.25401,0.08462,0.0898,35.767,37.992
2025-08-18 20:30,0.1494,0.23262,0.07383,0.08128,36.18,38.147
2025-08-18 20:45,0.13117,0.21722,0.06709,0.06952,36.354,38.167
2025-08-18 21:00,0.1341,0.20066,0.06691,0.05712,35.613,38.41
2025-08-18 21:15,0.13353,0.1948,0.06644,0.0569,35.974,38.615
2025-08-18 21:30,0.12434,0.18523,0.05998,0.05336,36.125,38.249
2025-08-18 21:45,0.11572,0.17846,0.05976,0.04476,35.605,38.401
2025-08-18 22:00,0.10397,0.17458,0.05025,0.04518,35.418,37.646
2025-08-18 22:15,0.10763,0.16882,0.05011,0.04096,36.246,37.645
2025-08-18 22:30,0.10354,0.15822,0.05025,0.03692,35.445,38.499
2025-08-18 22:45,0.1031,0.15822,0.04664,0.03276,35.603,38.554
2025-08-18 23:00,0.08778,0.15412,0.04708,0.03288,34.82,38.443
2025-08-18 23:15,0.09658,0.15002,0.04708,0.02884,36.167,37.979
2025-08-18 23:30,0.09273,0.14658,0.04443,0.02944,35.561,37.944
2025-08-18 23:45,0.08281,0.13848,0.04036,0.02478,35.434,38.228
2025-08-19,0.08281,0.14347,0.04014,0.02457,36.063,37.201
2025-08-19 00:15,0.07792,0.14347,0.03674,0.02469,35.275,36.672
2025-08-19 00:30,0.0797,0.12849,0.0371,0.02062,34.764,36.988
2025-08-19 00:45,0.08661,0.12849,0.03999,0.02051,35.236,37.617
2025-08-19 01:00,0.0763,0.13208,0.03972,0.02051,35.743,37.449
2025-08-19 01:15,0.07505,0.12849,0.03378,0.02068,35.484,37.297
2025-08-19 01:30,0.08208,0.12849,0.04014,0.01654,36.358,37.342
2025-08-19 01:45,0.07505,0.12282,0.0371,0.01654,34.561,37.356
2025-08-19 02:00,0.08354,0.12415,0.04036,0.01243,35.909,37.875
2025-08-19 02:15,0.08354,0.12415,0.04367,0.01243,35.953,36.935
2025-08-19 02:30,0.07728,0.12212,0.03984,0.0123,35.492,37.613
2025-08-19 02:45,0.08698,0.11843,0.04354,0.01656,35.19,36.329
2025-08-19 03:00,0.07474,0.11843,0.03698,0.01243,35.706,37.414
2025-08-19 03:15,0.06482,0.11843,0.03003,0.01246,35.656,37.624
2025-08-19 03:30,0.06748,0.11712,0.03296,0.01232,35.714,36.697
2025-08-19 03:45,0.0606,0.11712,0.03003,0.01232,35.541,37.094
2025-08-19 04:00,0.07346,0.11776,0.0333,0.01654,35.906,37.303
2025-08-19 04:15,0.06482,0.11211,0.02992,0.01232,34.985,37.366
2025-08-19 04:30,0.05819,0.11394,0.02702,0.00827,34.664,37.304
2025-08-19 04:45,0.0763,0.11712,0.03956,0.00819,34.917,36.469
2025-08-19 05:00,0.0606,0.10086,0.0298,0.0041,35.488,36.628
2025-08-19 05:15,0.05764,0.1025,0.03022,0,34.67,36.638
2025-08-19 05:30,0.06508,0.1025,0.0333,0,35.51,37.478
2025-08-19 05:45,0.07248,0.11776,0.03647,0.00822,35.554,37.108
2025-08-19 06:00,0.07346,0.12212,0.03656,0.01224,35.652,37.206
2025-08-19 06:15,0.0881,0.13704,0.04282,0.02444,36.021,37.987
2025-08-19 06:30,0.10664,0.16054,0.0523,0.0365,35.861,38.398
2025-08-19 06:45,0.11628,0.1795,0.0556,0.05251,36.634,38.187
2025-08-19 07:00,0.1407,0.21508,0.07189,0.06843,36.117,39.482
2025-08-19 07:15,0.15542,0.24239,0.08106,0.09148,36.959,38.772
2025-08-19 07:30,0.17255,0.2659,0.08786,0.10283,36.759,39.815
2025-08-19 07:45,0.1861,0.29354,0.0918,0.11965,37.207,39.433
2025-08-19 08:00,0.2076,0.31521,0.10707,0.13827,37.625,39.436
2025-08-19 08:15,0.22498,0.33812,0.11697,0.14928,37.633,39.859
2025-08-19 08:30,0.24248,0.35606,0.12394,0.16146,38.1,39.24
2025-08-19 08:45,0.25455,0.36962,0.1308,0.16904,38.255,40.379
2025-08-19 09:00,0.26238,0.38691,0.13437,0.18446,37.94,40.064
2025-08-19 09:15,0.26854,0.40748,0.13789,0.19315,37.381,40.593
2025-08-19 09:30,0.2733,0.41374,0.13789,0.1975,37.859,40.659
2025-08-19 09:45,0.28402,0.41173,0.14284,0.19827,37.953,41.009
2025-08-19 10:00,0.28766,0.43418,0.1501,0.21089,38.109,41.734
2025-08-19 10:15,0.28886,0.44679,0.15366,0.21526,38.62,40.589
2025-08-19 10:30,0.3127,0.46522,0.16021,0.22579,37.737,40.946
2025-08-19 10:45,0.3095,0.474,0.16484,0.23547,38.426,41.896
2025-08-19 11:00,0.36008,0.50292,0.19838,0.25378,39.865,41.42
2025-08-19 11:15,0.37686,0.5108,0.20426,0.25962,38.935,40.747
2025-08-19 11:30,0.35352,0.52149,0.18412,0.26616,38.529,41.327
2025-08-19 11:45,0.34737,0.54798,0.18896,0.28428,38.83,42.198
2025-08-19 12:00,0.35512,0.55674,0.1817,0.29324,38.833,41.215
2025-08-19 12:15,0.38202,0.5801,0.19693,0.30109,38.41,40.948
2025-08-19 12:30,0.39276,0.60164,0.20371,0.31558,39.039,41.679
2025-08-19 12:45,0.41952,0.60929,0.22093,0.32214,38.687,40.656
2025-08-19 13:00,0.40364,0.62384,0.20832,0.33194,38.259,42.041
2025-08-19 13:15,0.41244,0.62384,0.22016,0.33322,38.829,41.055
2025-08-19 13:30,0.43914,0.64525,0.23126,0.341,38.88,41.831
2025-08-19 13:45,0.4272,0.64525,0.22614,0.34426,38.322,41.378
2025-08-19 14:00,0.45839,0.65998,0.23126,0.34744,38.836,41.789
2025-08-19 14:15,0.42486,0.64222,0.22682,0.34618,38.996,41.792
2025-08-19 14:30,0.4336,0.6403,0.22236,0.34115,38.731,42.096
2025-08-19 14:45,0.42933,0.6433,0.24772,0.348,41.018,42.573
2025-08-19 15:00,0.41664,0.64489,0.21791,0.34235,37.388,41.014
2025-08-19 15:15,0.41936,0.63475,0.22826,0.33644,38.979,41.776
2025-08-19 15:30,0.42342,0.64146,0.22539,0.33906,39.361,41.899
2025-08-19 15:45,0.45793,0.62538,0.25532,0.3416,40.298,42.266
2025-08-19 16:00,0.39587,0.62232,0.20101,0.32794,37.234,41.429
2025-08-19 16:15,0.41102,0.61458,0.20808,0.318,37.956,41.427
2025-08-19 16:30,0.38064,0.60679,0.19106,0.31256,36.811,42.093
2025-08-19 16:45,0.4505,0.60034,0.22608,0.30563,39.723,40.865
2025-08-19 17:00,0.37712,0.5815,0.18603,0.29552,36.972,41.012
2025-08-19 17:15,0.37746,0.5687,0.18664,0.28425,37.527,40.323
2025-08-19 17:30,0.37301,0.55164,0.1896,0.27749,37.836,41.047
2025-08-19 17:45,0.35236,0.5298,0.17434,0.26271,37.283,40.494
2025-08-19 18:00,0.34551,0.51488,0.17742,0.24784,37.129,40.912
2025-08-19 18:15,0.32598,0.48908,0.16398,0.23732,37.59,40.646
2025-08-19 18:30,0.31285,0.45674,0.1567,0.21869,37.844,40.642
2025-08-19 18:45,0.28254,0.4334,0.14116,0.19986,37.167,39.963
2025-08-19 19:00,0.25738,0.39478,0.1308,0.18013,37.499,41.126
2025-08-19 19:15,0.244,0.36673,0.11818,0.16097,36.241,39.869
2025-08-19 19:30,0.21338,0.32849,0.10713,0.14104,35.833,38.889
2025-08-19 19:45,0.20854,0.3028,0.10004,0.12542,36.661,37.955
2025-08-19 20:00,0.17492,0.26932,0.08138,0.10191,35.881,38.264
2025-08-19 20:15,0.17208,0.2513,0.0832,0.09337,35.578,38.788
2025-08-19 20:30,0.14546,0.23669,0.07383,0.08034,35.886,38.115
2025-08-19 20:45,0.1391,0.21568,0.06629,0.07189,36.145,37.855
2025-08-19 21:00,0.13232,0.20988,0.06428,0.06208,35.883,38.68
2025-08-19 21:15,0.11882,0.18722,0.06036,0.05336,35.474,38.269
2025-08-19 21:30,0.11725,0.18134,0.05364,0.04958,35.559,38.2
2025-08-19 21:45,0.10354,0.17458,0.05011,0.04518,35.766,37.734
2025-08-19 22:00,0.11168,0.16882,0.05335,0.04096,36.038,37.748
2025-08-19 22:15,0.10205,0.1666,0.05092,0.0374,35.681,37.647
2025-08-19 22:30,0.0957,0.15412,0.04696,0.03711,35.326,37.036
2025-08-19 22:45,0.10031,0.15496,0.04708,0.03306,35.315,38.111
2025-08-19 23:00,0.08506,0.14154,0.04136,0.02543,35.113,37.083
2025-08-19 23:15,0.08778,0.1442,0.0438,0.02898,34.964,38.022
2025-08-19 23:30,0.0786,0.13848,0.03686,0.02062,35.621,37.743
2025-08-19 23:45,0.08318,0.12849,0.04367,0.01656,35.507,37.89
2025-08-20,0.06956,0.12346,0.03698,0.01246,35.161,37.957
2025-08-20 00:15,0.037,0.11056,0.0174,0.00848,34.739,36.707
2025-08-20 00:30,0.10532,0.11455,0.04731,0.00417,35.158,36.712
2025-08-20 00:45,0.05639,0.11211,0.03015,0.01243,35.043,37.838
2025-08-20 01:00,0.0606,0.10647,0.03003,0.00414,35.671,37.381
2025-08-20 01:15,0.05352,0.1025,0.03046,0.00412,34.898,37.281
2025-08-20 01:30,0.05819,0.10532,0.03106,0.00855,35.418,37.229
2025-08-20 01:45,0.0584,0.0979,0.03064,0.00417,34.852,36.667
2025-08-20 02:00,0.05588,0.10192,0.02667,0.00414,34.893,37.534
2025-08-20 02:15,0.05352,0.09223,0.02717,0,34.697,36.925
2025-08-20 02:30,0.0584,0.09322,0.02717,-0.00423,34.581,37.378
2025-08-20 02:45,0.04878,0.0979,0.02358,0,35.404,35.716
2025-08-20 03:00,0.04878,0.09269,0.02358,0,35.61,36.748
2025-08-20 03:15,0.03918,0.09169,0.02014,-0.00421,35.481,37.605
2025-08-20 03:30,0.05261,0.08654,0.02352,-0.00419,35.634,36.619
2025-08-20 03:45,0.04984,0.08357,0.02765,-0.00861,34.948,36.657
2025-08-20 04:00,0.03635,0.07694,0.02047,-0.01259,34.79,36.603
2025-08-20 04:15,0.06194,0.08313,0.03046,-0.00851,35.532,36.257
2025-08-20 04:30,0.04344,0.07568,0.01672,-0.01249,34.491,36.458
2025-08-20 04:45,0.06006,0.08654,0.0333,-0.00835,35.887,36.2
2025-08-20 05:00,0.07606,0.07866,0.03784,-0.00861,35.942,36.252
2025-08-20 05:15,0.04878,0.07124,0.02352,-0.01675,34.531,35.672
2025-08-20 05:30,0.03536,0.06594,0.01687,-0.01685,34.948,36.503
2025-08-20 05:45,0.04731,0.07166,0.02702,-0.01281,35.299,36.439
2025-08-20 06:00,0.00876,0.06024,0.01014,-0.02125,34.573,36.283
2025-08-20 06:15,0.05686,0.05992,0.02352,-0.02513,34.684,36.496
2025-08-20 06:30,0.03536,0.0596,0.02016,-0.02091,34.892,36.446
2025-08-20 06:45,0.03146,0.07826,0.01714,-0.00853,35.578,36.043
2025-08-20 07:00,0.00918,0.07124,0.0102,-0.01255,34.233,36.876
2025-08-20 07:15,0.02244,0.07086,0.00678,-0.00835,34.792,36.347
2025-08-20 07:30,0.07756,0.07609,0.02672,-0.01667,35.613,37.168
2025-08-20 07:45,0.0606,0.09977,0.02918,0,36.558,37.438
2025-08-20 08:00,0.06391,0.08946,0.02765,-0.00431,35.403,36.957
2025-08-20 08:15,0.0629,0.10763,0.03656,0.00836,36.024,36.594
2025-08-20 08:30,0.08354,0.12102,0.04106,0.01279,35.89,38.117
2025-08-20 08:45,0.09222,0.13492,0.04847,0.02038,36.037,37.85
2025-08-20 09:00,0.03174,0.12849,0.02068,0.02098,35.117,38.482
2025-08-20 09:15,0.09801,0.15655,0.06177,0.03676,36.301,38.268
2025-08-20 09:30,0.10624,0.16054,0.05298,0.04061,36.241,37.639
2025-08-20 09:45,0.09448,0.17857,0.04556,0.05228,36.147,38.117
2025-08-20 10:00,0.11922,0.21051,0.06218,0.0687,35.937,38.735
2025-08-20 10:15,0.14767,0.2243,0.07311,0.07742,36.257,37.81
2025-08-20 10:30,0.16064,0.25456,0.07735,0.0984,37.29,39.413
2025-08-20 10:45,0.17857,0.29206,0.09437,0.1239,37.778,39.744
2025-08-20 11:00,0.20874,0.31521,0.11015,0.13938,37.953,40.337
2025-08-20 11:15,0.22752,0.35488,0.11849,0.16936,38.312,41.109
2025-08-20 11:30,0.24285,0.36582,0.12599,0.16769,37.795,40.591
2025-08-20 11:45,0.27922,0.39686,0.1443,0.18829,37.849,41.474
2025-08-20 12:00,0.26488,0.42196,0.1353,0.2046,38.78,40.334
2025-08-20 12:15,0.30118,0.45142,0.14641,0.22137,38.319,41.687
2025-08-20 12:30,0.31844,0.47894,0.15618,0.23638,38.422,41.065
2025-08-20 12:45,0.33069,0.50418,0.172,0.25579,38.2,41.254
2025-08-20 13:00,0.3299,0.51213,0.172,0.26511,37.946,41.985
2025-08-20 13:15,0.37084,0.52942,0.19372,0.26958,38.11,41.165
2025-08-20 13:30,0.3763,0.55082,0.19372,0.28091,38.726,41.109
2025-08-20 13:45,0.38056,0.55375,0.1896,0.28428,38.623,41.679
2025-08-20 14:00,0.3645,0.55375,0.18896,0.28428,38.995,41.948
2025-08-20 14:15,0.37532,0.5675,0.19267,0.28993,38.471,41.838
2025-08-20 14:30,0.40724,0.56162,0.20646,0.28304,37.751,40.134
2025-08-20 14:45,0.3701,0.56544,0.192,0.29106,38.257,41.467
2025-08-20 15:00,0.37434,0.56062,0.19106,0.28881,38.224,41.02
2025-08-20 15:15,0.39145,0.57234,0.20698,0.29552,38.68,41.632
2025-08-20 15:30,0.37834,0.5675,0.19026,0.29334,38.17,41.38
2025-08-20 15:45,0.35352,0.5606,0.17626,0.28541,38.067,41.28
2025-08-20 16:00,0.35139,0.54978,0.18355,0.28541,37.072,41.111
2025-08-20 16:15,0.36196,0.5378,0.18046,0.26958,37.227,40.852
2025-08-20 16:30,0.35399,0.5286,0.17552,0.26585,37.688,40.897
2025-08-20 16:45,0.3492,0.5258,0.17378,0.25926,37.379,40.59
2025-08-20 17:00,0.3387,0.52454,0.17071,0.25782,36.966,40.434
2025-08-20 17:15,0.33722,0.50246,0.16472,0.24774,38.099,40.636
2025-08-20 17:30,0.32684,0.4932,0.16284,0.23638,37.166,40.116
2025-08-20 17:45,0.32222,0.47248,0.15467,0.22853,37.637,39.863
2025-08-20 18:00,0.29914,0.45741,0.15102,0.21682,37.58,40.376
2025-08-20 18:15,0.29022,0.4357,0.1443,0.20066,36.71,40.334
2025-08-20 18:30,0.26348,0.40758,0.1304,0.18816,36.746,40.369
2025-08-20 18:45,0.25074,0.37946,0.12093,0.16536,36.488,39.699
2025-08-20 19:00,0.23008,0.35348,0.11458,0.15412,36.804,39.185
2025-08-20 19:15,0.20518,0.31844,0.09818,0.13025,36.446,39.657
2025-08-20 19:30,0.1906,0.29562,0.08998,0.11332,36.807,38.93
2025-08-20 19:45,0.16106,0.26755,0.07812,0.0988,35.46,38.825
2025-08-20 20:00,0.14658,0.23638,0.07086,0.08232,35.364,38.162
2025-08-20 20:15,0.1329,0.21952,0.06759,0.07437,35.509,37.736
2025-08-20 20:30,0.11987,0.20011,0.05748,0.06239,34.878,37.827
2025-08-20 20:45,0.11244,0.19025,0.0579,0.04996,35.708,37.674
2025-08-20 21:00,0.11402,0.17825,0.05895,0.0427,35.464,38.26
2025-08-20 21:15,0.09316,0.16748,0.04731,0.04148,35.153,37.121
2025-08-20 21:30,0.10532,0.15665,0.04708,0.0374,35.145,37.528
2025-08-20 21:45,0.09238,0.15162,0.0438,0.0333,35.655,36.95
2025-08-20 22:00,0.09038,0.13424,0.04339,0.0249,35.557,37.783
2025-08-20 22:15,0.08512,0.13208,0.04308,0.02469,35.338,36.891
2025-08-20 22:30,0.0744,0.13353,0.03366,0.0249,34.677,37.059
2025-08-20 22:45,0.05656,0.11776,0.02816,0.0129,34.471,36.854
2025-08-20 23:00,0.08698,0.12548,0.04367,0.01258,35.087,37.468
2025-08-20 23:15,0.05482,0.11708,0.02777,0.01713,35.183,37.151
2025-08-20 23:30,0.08034,0.1115,0.03984,0.01243,36.437,37.422
2025-08-20 23:45,0.03855,0.1165,0.02658,0.01654,35.04,37.993
2025-08-21,0.07076,0.10936,0.03434,0.00855,35.301,36.597
2025-08-21 00:15,0.0693,0.10702,0.03342,0.00834,35.399,36.954
2025-08-21 00:30,0.04004,0.09169,0.02026,0,34.423,35.977
2025-08-21 00:45,0.0687,0.10304,0.03686,0.00422,35.656,36.64
2025-08-21 01:00,0.0687,0.09631,0.03674,0,35.148,37.943
2025-08-21 01:15,0.06422,0.09072,0.03321,0,34.836,36.96
2025-08-21 01:30,0.05666,0.09169,0.03022,0,34.924,36.736
2025-08-21 01:45,0.05218,0.09169,0.03015,0.00417,35.042,37.423
2025-08-21 02:00,0.05148,0.09169,0.03003,0,34.885,36.696
2025-08-21 02:15,0.04366,0.08128,0.02352,-0.00423,34.64,36.609
2025-08-21 02:30,0.04793,0.09169,0.02672,0.00417,35.005,36.56
2025-08-21 02:45,0.039,0.09169,0.02004,0.00417,34.998,36.137
2025-08-21 03:00,0.05284,0.09223,0.0269,0,34.79,36.759
2025-08-21 03:15,0.04422,0.08313,0.02382,0,34.684,36.651
2025-08-21 03:30,0.03918,0.07568,0.02016,-0.00423,34.956,36.509
2025-08-21 03:45,0.03972,0.07609,0.02358,-0.00843,34.796,36.35
2025-08-21 04:00,0.05105,0.07484,0.02646,-0.00833,35.039,36.594
2025-08-21 04:15,0.03462,0.07484,0.01661,-0.01245,34.637,36.76
2025-08-21 04:30,0.0431,0.08002,0.0199,-0.00833,35.451,36.589
2025-08-21 04:45,0.03918,0.07568,0.02004,-0.00835,34.771,36.325
2025-08-21 05:00,0.03462,0.07526,0.01999,-0.00833,34.816,36.627
2025-08-21 05:15,0.04586,0.06742,0.02083,-0.01719,35.082,35.806
2025-08-21 05:30,0.03884,0.07009,0.01661,-0.01249,35.659,36.385
2025-08-21 05:45,0.03113,0.07776,0.01714,-0.01289,34.74,37.121
2025-08-21 06:00,0.0446,0.07124,0.02026,-0.01259,34.675,36.901
2025-08-21 06:15,0.0429,0.07526,0.02318,-0.00833,35.39,36.374
2025-08-21 06:30,0.04238,0.08556,0.01985,-0.00419,35.354,36.907
2025-08-21 06:45,0.04731,0.09223,0.02358,0,34.685,37.638
2025-08-21 07:00,0.05472,0.11034,0.02636,0.01232,36.135,37.274
2025-08-21 07:15,0.08034,0.1258,0.03635,0.02051,35.044,38.254
2025-08-21 07:30,0.09134,0.15574,0.04589,0.04083,35.814,37.626
2025-08-21 07:45,0.11874,0.18043,0.05881,0.05712,37.065,38.618
2025-08-21 08:00,0.11332,0.21403,0.05942,0.07257,36.235,39.032
2025-08-21 08:15,0.1567,0.24811,0.07842,0.10024,36.954,39.077
2025-08-21 08:30,0.17778,0.26996,0.0884,0.11256,36.438,39.648
2025-08-21 08:45,0.18532,0.28914,0.09466,0.12012,37.423,39.959
2025-08-21 09:00,0.19386,0.30692,0.09595,0.13296,37.469,40.007
2025-08-21 09:15,0.20447,0.32172,0.1022,0.14104,36.6,39.396
2025-08-21 09:30,0.22033,0.33472,0.11156,0.14794,36.978,39.776
2025-08-21 09:45,0.21464,0.33212,0.10252,0.14856,37.123,40.075
2025-08-21 10:00,0.2544,0.38886,0.13353,0.18233,37.797,41.007
2025-08-21 10:15,0.27673,0.42608,0.14496,0.20819,37.44,41.065
2025-08-21 10:30,0.25578,0.3864,0.12854,0.18452,37.387,40.34
2025-08-21 10:45,0.24744,0.3735,0.12132,0.17351,36.763,40.648
2025-08-21 11:00,0.2524,0.3735,0.12448,0.17351,37.652,39.466
2025-08-21 11:15,0.25782,0.39269,0.12994,0.18452,37.821,39.53
2025-08-21 11:30,0.28402,0.43718,0.14238,0.21508,38.32,39.304
2025-08-21 11:45,0.31112,0.47736,0.15874,0.23732,37.377,40.587
2025-08-21 12:00,0.31665,0.48552,0.15769,0.2453,38.895,41.279
2025-08-21 12:15,0.32398,0.50544,0.16702,0.25435,38.426,41.223
2025-08-21 12:30,0.34949,0.53616,0.1817,0.27859,37.8,41.011
2025-08-21 12:45,0.34092,0.53903,0.17682,0.27408,37.396,41.437
2025-08-21 13:00,0.35614,0.5596,0.18233,0.28766,37.923,40.462
2025-08-21 13:15,0.37301,0.5606,0.19026,0.28993,38.312,41.523
2025-08-21 13:30,0.34801,0.5596,0.18046,0.28997,38.42,41.216
2025-08-21 13:45,0.3677,0.57112,0.2023,0.30563,40.077,41.631
2025-08-21 14:00,0.37365,0.56466,0.18926,0.29698,38.101,41.727
2025-08-21 14:15,0.35976,0.57146,0.18775,0.2967,38.564,42.187
2025-08-21 14:30,0.34505,0.54653,0.16678,0.27388,36.952,40.577
2025-08-21 14:45,0.36422,0.54582,0.19246,0.282,38.202,41.412
2025-08-21 15:00,0.38031,0.54874,0.18722,0.27517,38.971,41.352
2025-08-21 15:15,0.35298,0.54363,0.17124,0.27281,37.625,41.249
2025-08-21 15:30,0.40049,0.56544,0.2152,0.2967,39.341,40.895
2025-08-21 15:45,0.34028,0.53266,0.16567,0.26826,37.415,41.037
2025-08-21 16:00,0.32222,0.49434,0.16506,0.24372,37.533,40.486
2025-08-21 16:15,0.31604,0.52426,0.15828,0.2717,37.528,40.737
2025-08-21 16:30,0.34892,0.53022,0.16678,0.25991,37.94,40.582
2025-08-21 16:45,0.32807,0.50806,0.1625,0.24826,37.277,40.331
2025-08-21 17:00,0.32764,0.50261,0.17564,0.24276,37.474,40.427
2025-08-21 17:15,0.31118,0.47084,0.14894,0.22494,36.831,40.453
2025-08-21 17:30,0.28894,0.45984,0.14116,0.21682,36.957,40.324
2025-08-21 17:45,0.31015,0.45562,0.15,0.2141,37.217,40.168
2025-08-21 18:00,0.30268,0.4447,0.15052,0.20598,37.734,40.117
2025-08-21 18:15,0.27868,0.42286,0.13802,0.1978,37.376,41.002
2025-08-21 18:30,0.25246,0.3901,0.12218,0.17857,36.346,40.232
2025-08-21 18:45,0.21277,0.35332,0.10092,0.15542,36.298,39.094
2025-08-21 19:00,0.20634,0.31191,0.09492,0.12327,36.293,38.676
2025-08-21 19:15,0.18891,0.29544,0.0914,0.11486,35.826,38.882
2025-08-21 19:30,0.16974,0.27162,0.08311,0.10583,35.766,39.391
2025-08-21 19:45,0.15346,0.24514,0.07156,0.08339,35.401,38.352
2025-08-21 20:00,0.14144,0.22438,0.06825,0.075,35.923,37.476
2025-08-21 20:15,0.13353,0.2034,0.06428,0.05858,34.988,37.784
2025-08-21 20:30,0.12628,0.19342,0.0614,0.05042,35.183,37.305
2025-08-21 20:45,0.12042,0.1712,0.06102,0.04202,34.818,36.629
2025-08-21 21:00,0.09441,0.16014,0.05404,0.03772,35.05,37.589
2025-08-21 21:15,0.09356,0.15412,0.05074,0.0336,35.147,35.871
2025-08-21 21:30,0.07928,0.15247,0.03686,0.0333,34.842,36.967
2025-08-21 21:45,0.09316,0.14902,0.0438,0.0336,35.564,37.274
2025-08-21 22:00,0.1067,0.14154,0.05298,0.02923,35.879,37.018
2025-08-21 22:15,0.08506,0.1306,0.04036,0.02497,34.991,37.789
2025-08-21 22:30,0.08318,0.12548,0.04014,0.02084,34.883,36.851
2025-08-21 22:45,0.07896,0.11394,0.03674,0.01246,34.943,37.326
2025-08-21 23:00,0.05686,0.11394,0.03003,0.01246,35.56,37.269
2025-08-21 23:15,0.07275,0.11244,0.03444,0.0129,34.476,37.013
2025-08-21 23:30,0.04344,0.10304,0.02334,0.00417,35.569,36.864
2025-08-21 23:45,0.06448,0.1025,0.03321,0.00412,34.471,36.438
2025-08-22,0.06087,0.09738,0.02992,0.00412,35.467,36.763
2025-08-22 00:15,0.05819,0.10062,0.03087,0.0043,35.356,35.926
2025-08-22 00:30,0.06006,0.1025,0.02973,0.00412,34.995,36.808
2025-08-22 00:45,0.05335,0.0979,0.02352,0,34.009,37.478
2025-08-22 01:00,0.05352,0.08796,0.02702,0,35.03,36.739
2025-08-22 01:15,0.05008,0.08842,0.02376,0,34.452,36.574
2025-08-22 01:30,0.04506,0.08992,0.024,-0.00429,35.137,36.433
2025-08-22 01:45,0.05218,0.07694,0.02658,-0.00843,34.307,37.102
2025-08-22 02:00,0.06171,0.0791,0.03076,-0.00865,35.66,36.645
2025-08-22 02:15,0.05083,0.08045,0.02636,-0.00835,34.893,36.861
2025-08-22 02:30,0.05105,0.07568,0.0298,-0.00843,35.648,37.201
2025-08-22 02:45,0.03884,0.07654,0.01687,-0.00855,34.924,36.632
2025-08-22 03:00,0.0181,0.0663,0.01374,-0.01289,35.291,36.171
2025-08-22 03:15,0.02121,0.06416,0.01316,-0.01249,35.181,37.303
2025-08-22 03:30,0.03088,0.0663,0.01348,-0.01697,34.671,36.484
2025-08-22 03:45,0.0538,0.0697,0.02612,-0.01667,35.912,35.808
2025-08-22 04:00,0.01279,0.06896,0.0132,-0.01249,34.578,37.374
2025-08-22 04:15,0.03838,0.07009,0.0199,-0.01255,35.114,36.926
2025-08-22 04:30,0.07854,0.06336,0.03498,-0.01751,35.361,35.671
2025-08-22 04:45,0.04731,0.0652,0.02658,-0.01259,34.573,37.109
2025-08-22 05:00,0.04422,0.06024,0.02026,-0.01693,34.928,37.465
2025-08-22 05:15,0.0477,0.0606,0.02364,-0.01289,35.354,36.494
2025-08-22 05:30,0.01305,0.0593,0.01328,-0.01675,34.518,37.16
2025-08-22 05:45,0.05881,0.0652,0.03286,-0.01259,35.185,37.566
2025-08-22 06:00,0.02553,0.06416,0.01977,-0.01667,34.048,36.998
2025-08-22 06:15,0.01301,0.05404,0.01661,-0.01685,34.562,36.943
2025-08-22 06:30,0.02676,0.06594,0.01687,-0.01267,34.928,36.222
2025-08-22 06:45,0.05124,0.07609,0.02658,-0.00851,34.938,37.32
2025-08-22 07:00,0.01721,0.07526,0.01985,-0.00423,35.446,36.843
2025-08-22 07:15,0.05284,0.07609,0.03015,-0.00845,35.035,36.173
2025-08-22 07:30,0.05448,0.09528,0.03276,0.00828,35.712,37.939
2025-08-22 07:45,0.09927,0.10702,0.0556,0.01253,35.722,37.275
2025-08-22 08:00,0.0797,0.12212,0.04589,0.0249,35.508,37.321
2025-08-22 08:15,0.05168,0.12712,0.03647,0.02068,35.195,37.318
2025-08-22 08:30,0.1067,0.14576,0.05639,0.02932,35.454,37.835
2025-08-22 08:45,0.11078,0.16445,0.06078,0.04898,36.38,38.347
2025-08-22 09:00,0.11394,0.18512,0.06492,0.06135,36.179,38.562
2025-08-22 09:15,0.15218,0.20542,0.0763,0.07008,36.44,38.407
2025-08-22 09:30,0.14482,0.21968,0.07764,0.08128,37.322,38.876
2025-08-22 09:45,0.1562,0.22312,0.0713,0.08264,36.034,38.003
2025-08-22 10:00,0.15853,0.24485,0.07816,0.09722,37.018,39.816
2025-08-22 10:15,0.14158,0.26511,0.07334,0.10664,36.013,39.068
2025-08-22 10:30,0.16346,0.26511,0.07977,0.10576,36.805,38.617
2025-08-22 10:45,0.18308,0.27044,0.09202,0.10982,35.818,39.442
2025-08-22 11:00,0.17544,0.26826,0.08553,0.10963,37.062,38.356
2025-08-22 11:15,0.16633,0.27394,0.07383,0.10664,36.377,38.343
2025-08-22 11:30,0.16138,0.28312,0.07948,0.11438,35.568,39.349
2025-08-22 11:45,0.17706,0.28012,0.09154,0.11394,37.06,39.855
2025-08-22 12:00,0.16413,0.2969,0.07785,0.12516,36.789,40.153
2025-08-22 12:15,0.19414,0.31058,0.10004,0.12693,37.052,38.603
2025-08-22 12:30,0.17601,0.3031,0.09434,0.12906,37.365,39.488
2025-08-22 12:45,0.19498,0.31058,0.0937,0.13078,37.276,39.815
2025-08-22 13:00,0.20279,0.32339,0.10154,0.14104,36.653,40.435
2025-08-22 13:15,0.20426,0.31672,0.09434,0.13462,36.19,39.402
2025-08-22 13:30,0.18148,0.2987,0.08639,0.12174,36.132,38.772
2025-08-22 13:45,0.2002,0.29986,0.09595,0.11824,36.188,39.968
2025-08-22 14:00,0.20111,0.29986,0.09336,0.12693,36.184,39.55
2025-08-22 14:15,0.20586,0.31058,0.09973,0.1264,36.549,38.516
2025-08-22 14:30,0.20362,0.32676,0.09528,0.1422,36.543,39.34
2025-08-22 14:45,0.25655,0.39488,0.13046,0.18379,37.421,40.631
2025-08-22 15:00,0.2717,0.41818,0.13836,0.1962,37.686,40.225
2025-08-22 15:15,0.2524,0.39236,0.12854,0.18985,36.81,40.696
2025-08-22 15:30,0.25782,0.40119,0.12284,0.18526,36.967,40.853
2025-08-22 15:45,0.24686,0.40982,0.12896,0.19737,36.802,39.755
2025-08-22 16:00,0.26388,0.40324,0.13802,0.18908,37.365,39.332
2025-08-22 16:15,0.2605,0.39046,0.11895,0.17719,37.649,39.616
2025-08-22 16:30,0.24468,0.37915,0.12179,0.16946,37.271,40.066
2025-08-22 16:45,0.21104,0.3722,0.1064,0.16702,36.594,40.373
2025-08-22 17:00,0.22696,0.3604,0.10643,0.1623,37.228,39.197
2025-08-22 17:15,0.21244,0.34974,0.10356,0.1579,36.04,39.666
2025-08-22 17:30,0.2241,0.33644,0.10954,0.14603,36.714,39.665
2025-08-22 17:45,0.2046,0.3122,0.0969,0.13518,35.783,39.409
2025-08-22 18:00,0.19273,0.29851,0.09402,0.12359,37.281,39.094
2025-08-22 18:15,0.17033,0.26932,0.08028,0.11054,35.884,37.853
2025-08-22 18:30,0.1768,0.26331,0.08642,0.1062,35.925,39.137
2025-08-22 18:45,0.15678,0.24669,0.07922,0.09414,35.72,38.518
2025-08-22 19:00,0.15145,0.23513,0.07015,0.08264,35.984,39.195
2025-08-22 19:15,0.11098,0.21832,0.05386,0.07437,35.724,37.952
2025-08-22 19:30,0.11776,0.1984,0.05516,0.0637,36.226,37.625
2025-08-22 19:45,0.11831,0.1843,0.05712,0.05428,35.465,37.692
2025-08-22 20:00,0.08318,0.15576,0.03698,0.03754,35.508,36.907
2025-08-22 20:15,0.0969,0.15334,0.04958,0.03724,36.434,37.833
2025-08-22 20:30,0.08174,0.13848,0.03656,0.02898,36.431,37.983
2025-08-22 20:45,0.08999,0.13424,0.0432,0.02508,35.766,37.474
2025-08-22 21:00,0.0744,0.1306,0.03746,0.02553,35.715,38.254
2025-08-22 21:15,0.05236,0.1127,0.03015,0.01672,34.981,37.361
2025-08-22 21:30,0.05639,0.1127,0.03321,0.01666,35.146,37.115
2025-08-22 21:45,0.03569,0.10816,0.01687,0.01258,34.575,37.216
2025-08-22 22:00,0.0598,0.10192,0.03311,0.01253,35.398,38.194
2025-08-22 22:15,0.0584,0.10004,0.03099,0.0043,35.001,36.71
2025-08-22 22:30,0.0662,0.10594,0.03423,0.00863,35.079,37.305
2025-08-22 22:45,0.05148,0.1025,0.02992,0.00837,34.929,36.897
2025-08-22 23:00,0.0606,0.0979,0.03015,0.0084,34.936,36.489
2025-08-22 23:15,0.0531,0.08698,0.02358,0,35.145,35.87
2025-08-22 23:30,0.0554,0.09118,0.0298,0,35.081,37.205
2025-08-22 23:45,0.05639,0.08698,0.02681,0,35.027,36.579
2025-08-23,0.05105,0.08556,0.02646,0,35.04,36.594
2025-08-23 00:15,0.0399,0.08842,0.02391,0.0043,34.837,37.218
2025-08-23 00:30,0.03062,0.0809,0.01672,0,35.56,37.528
2025-08-23 00:45,0.04344,0.07568,0.0234,-0.00423,34.827,37.624
2025-08-23 01:00,0.03838,0.07526,0.02315,-0.00421,35.043,37.582
2025-08-23 01:15,0.03884,0.06484,0.01999,-0.00845,35.455,36.179
2025-08-23 01:30,0.0313,0.07776,0.0273,-0.00429,34.531,37.171
2025-08-23 01:45,0.05124,0.07609,0.02992,-0.00851,34.682,36.649
2025-08-23 02:00,0.05105,0.06448,0.03296,-0.01259,34.976,37.77
2025-08-23 02:15,0.04708,0.07009,0.03311,-0.00843,35.496,37.722
2025-08-23 02:30,0.04366,0.07086,0.02667,-0.00851,34.767,35.75
2025-08-23 02:45,0.03918,0.07204,0.03032,-0.00867,34.724,37.363
2025-08-23 03:00,0.00448,0.07204,0.01366,-0.00867,33.882,36.675
2025-08-23 03:15,0.04148,0.08045,0.02932,0,35.345,36.897
2025-08-23 03:30,0.0477,0.07204,0.02702,-0.00435,35.234,36.528
2025-08-23 03:45,0.0298,0.08045,0.02628,0,34.663,37.043
2025-08-23 04:00,0.03374,0.08045,0.01956,0,35.287,36.995
2025-08-23 04:15,0.0129,0.07484,0.0099,0,34.987,36.953
2025-08-23 04:30,0.01342,0.07736,0.0068,0,34.724,36.278
2025-08-23 04:45,0.03784,0.0697,0.01956,-0.00421,35.406,37.218
2025-08-23 05:00,0.0256,0.0697,0.01977,-0.00423,34.945,37.328
2025-08-23 05:15,0.039,0.0593,0.02328,-0.00843,34.572,36.798
2025-08-23 05:30,0.02932,0.05833,0.0163,-0.00833,35.201,36.598
2025-08-23 05:45,0.03387,0.05896,0.01967,-0.00835,35.307,36.29
2025-08-23 06:00,0.04344,0.05434,0.02328,-0.02099,35.441,36.425
2025-08-23 06:15,0.03374,0.04824,0.01967,-0.02085,35.498,36.637
2025-08-23 06:30,0.02158,0.04878,0.0133,-0.02099,35.34,37.046
2025-08-23 06:45,0.01656,0.0475,0.01301,-0.02075,35.181,36.061
2025-08-23 07:00,0.01672,0.04797,0.00982,-0.02091,35.596,36.062
2025-08-23 07:15,0.03868,0.043,0.01985,-0.02503,34.779,36.488
2025-08-23 07:30,0,0.04774,0.00326,-0.02085,35.031,36.998
2025-08-23 07:45,0.02923,0.04797,0.01642,-0.02091,35.618,37.017
2025-08-23 08:00,0.01713,0.04824,0.01316,-0.01667,35.242,36.381
2025-08-23 08:15,0.02478,0.0475,0.01625,-0.02075,35.127,37.353
2025-08-23 08:30,0.03536,0.02768,0.01701,-0.03003,34.974,36.94
2025-08-23 08:45,-0.00871,0.03276,0,-0.02567,35.135,37.103
2025-08-23 09:00,0.01332,0.02738,0.01008,-0.02951,34.195,35.905
2025-08-23 09:15,0.01666,0.02648,0.0065,-0.03323,35.078,37.045
2025-08-23 09:30,0.03344,0.03204,0.01644,-0.03349,34.875,36.841
2025-08-23 09:45,0.02051,0.0421,0.01625,-0.02085,35.535,36.828
2025-08-23 10:00,0.04083,0.05288,0.02274,-0.01667,35.069,37.296
2025-08-23 10:15,0.03754,0.05772,0.01967,-0.01663,35.334,37.145
2025-08-23 10:30,0.02478,0.07754,0.01625,0.0041,35.609,37.99
2025-08-23 10:45,0.05935,0.10916,0.02966,0.01643,35.545,36.839
2025-08-23 11:00,0.08164,0.13972,0.04528,0.03276,36.381,37.675
2025-08-23 11:15,0.09019,0.17388,0.04556,0.05294,35.969,37.264
2025-08-23 11:30,0.13518,0.2277,0.07123,0.08454,36.433,39.383
2025-08-23 11:45,0.17833,0.26755,0.08138,0.10887,36.474,38.854
2025-08-23 12:00,0.18957,0.2953,0.08728,0.11874,36.427,40.049
2025-08-23 12:15,0.1847,0.31058,0.0956,0.13025,36.016,39.382
2025-08-23 12:30,0.21392,0.31734,0.10707,0.14049,37.361,40.158
2025-08-23 12:45,0.25385,0.391,0.1357,0.19028,38.185,40.567
2025-08-23 13:00,0.29128,0.43865,0.14758,0.22582,37.008,41.307
2025-08-23 13:15,0.26238,0.46191,0.1445,0.23473,37.173,40.799
2025-08-23 13:30,0.28274,0.43108,0.13972,0.21322,36.814,40.44
2025-08-23 13:45,0.30762,0.47156,0.1586,0.2488,38.521,41.731
2025-08-23 14:00,0.31893,0.49585,0.15828,0.25183,37.423,40.636
2025-08-23 14:15,0.30294,0.46408,0.15052,0.22586,37.59,41.061
2025-08-23 14:30,0.26196,0.42286,0.12448,0.19864,37.271,39.498
2025-08-23 14:45,0.25187,0.38564,0.12448,0.17634,36.439,39.804
2025-08-23 15:00,0.24555,0.39686,0.1278,0.18679,36.782,40.82
2025-08-23 15:15,0.2748,0.44548,0.14516,0.21597,38.452,40.42
2025-08-23 15:30,0.29899,0.47576,0.14284,0.23473,37.005,41.303
2025-08-23 15:45,0.29934,0.45196,0.14992,0.22312,38.242,40.623
2025-08-23 16:00,0.28254,0.4447,0.13442,0.21498,37.366,40.162
2025-08-23 16:15,0.25246,0.41884,0.12664,0.19984,36.893,40.258
2025-08-23 16:30,0.25304,0.39641,0.121,0.18077,37.007,38.975
2025-08-23 16:45,0.20611,0.3521,0.10105,0.15284,36.07,38.867
2025-08-23 17:00,0.19638,0.30764,0.09909,0.12693,37.11,39.078
2025-08-23 17:15,0.16034,0.27364,0.07432,0.10752,35.562,39.186
2025-08-23 17:30,0.18308,0.28766,0.0896,0.1158,36.501,39.039
2025-08-23 17:45,0.18308,0.29228,0.08928,0.12359,36.598,39.135
2025-08-23 18:00,0.19332,0.28613,0.09304,0.11922,36.904,39.286
2025-08-23 18:15,0.16742,0.27078,0.08294,0.11147,36.583,38.394
2025-08-23 18:30,0.15684,0.26896,0.08054,0.10841,36.499,38.724
2025-08-23 18:45,0.15004,0.25198,0.07059,0.0957,36.276,38.918
2025-08-23 19:00,0.15344,0.23898,0.07812,0.08476,36.421,38.544
2025-08-23 19:15,0.13468,0.21472,0.06691,0.075,36.029,38.412
2025-08-23 19:30,0.12424,0.20568,0.0625,0.06448,35.671,38.469
2025-08-23 19:45,0.13526,0.20122,0.07015,0.0629,35.204,37.743
2025-08-23 20:00,0.11144,0.18438,0.0614,0.05588,35.416,37.383
2025-08-23 20:15,0.10073,0.18333,0.05748,0.05564,35.249,37.889
2025-08-23 20:30,0.10763,0.1753,0.0606,0.05124,35.31,37.692
2025-08-23 20:45,0.08698,0.15082,0.04972,0.0418,34.727,37.936
2025-08-23 21:00,0.07145,0.15071,0.03746,0.03868,35.49,36.629
2025-08-23 21:15,0.06398,0.13424,0.03609,0.0333,34.768,37.564
2025-08-23 21:30,0.05935,0.1278,0.03276,0.02908,35.445,37.411
2025-08-23 21:45,0.0552,0.11712,0.02622,0.02076,34.196,37.406
2025-08-23 22:00,0.0429,0.10763,0.02646,0.01672,34.883,36.85
2025-08-23 22:15,0.0467,0.10086,0.02298,0.01243,34.728,37.264
2025-08-23 22:30,0.05083,0.10647,0.02941,0.01243,35.762,38.143
2025-08-23 22:45,0.05666,0.09899,0.03366,0.01279,35.77,37.325
2025-08-23 23:00,0.06448,0.09169,0.03311,0.00417,34.775,36.742
2025-08-23 23:15,0.03046,0.08607,0.01661,-0.00421,34.514,36.74
2025-08-23 23:30,0.05062,0.08607,0.02628,0,35.361,38.002
2025-08-23 23:45,0.03804,0.08512,0.02289,0.00412,35.441,36.579
2025-08-24,0.05062,0.09072,0.02628,0.00417,36.079,37.634
2025-08-24 00:15,0.0399,0.07568,0.0234,-0.00423,35.593,36.732
2025-08-24 00:30,0.03536,0.08892,0.02708,0,34.778,37.574
2025-08-24 00:45,0.07408,0.08892,0.03674,-0.00425,34.931,36.743
2025-08-24 01:00,0.01356,0.07694,0.01687,-0.00851,34.514,37.152
2025-08-24 01:15,0.0467,0.07609,0.02955,-0.00843,34.762,36.315
2025-08-24 01:30,0.0333,0.07526,0.0228,-0.00421,35.702,37.668
2025-08-24 01:45,0.03536,0.06556,0.02004,-0.00845,34.822,35.961
2025-08-24 02:00,0.04026,0.06131,0.02358,-0.01277,34.519,35.917
2025-08-24 02:15,0.0469,0.06594,0.02315,-0.01275,35.038,36.85
2025-08-24 02:30,0.0249,0.06448,0.0163,-0.01259,35.613,36.752
2025-08-24 02:45,0.04202,0.06484,0.02622,-0.01259,35.347,37.056
2025-08-24 03:00,0.02968,0.0593,0.01644,-0.01259,34.986,36.539
2025-08-24 03:15,0.0301,0.05434,0.0199,-0.01693,35.288,36.271
2025-08-24 03:30,0.02142,0.05378,0.01316,-0.01675,35.811,35.968
2025-08-24 03:45,0.02142,0.0485,0.01654,-0.02099,35.661,36.385
2025-08-24 04:00,0.01272,0.05378,0.00984,-0.01255,35.74,36.877
2025-08-24 04:15,0.01318,0.04985,0.01017,-0.01729,35.648,35.804
2025-08-24 04:30,0.03419,0.04878,0.01977,-0.02109,35.662,36.542
2025-08-24 04:45,0.01728,0.04344,0.0133,-0.02119,35.142,37.109
2025-08-24 05:00,0.02553,0.04344,0.0132,-0.02119,34.621,36.176
2025-08-24 05:15,0.00446,0.04344,0.01002,-0.02523,34.976,36.685
2025-08-24 05:30,0.03088,0.04465,0.02014,-0.02135,34.509,36.89
2025-08-24 05:45,0.01332,0.05042,0.01344,-0.02145,34.041,36.577
2025-08-24 06:00,0.03522,0.05068,0.02014,-0.02145,34.726,35.865
2025-08-24 06:15,0.03276,0.05404,0.0163,-0.02109,35.702,37.257
2025-08-24 06:30,0.02861,0.05404,0.01642,-0.01281,35.807,36.689
2025-08-24 06:45,0.01654,0.04774,0.00982,-0.02099,35.513,37.482
2025-08-24 07:00,0.02586,0.04928,0.01687,-0.01293,34.794,37.021
2025-08-24 07:15,0.0336,0.05344,0.01644,-0.01685,35.612,36.338
2025-08-24 07:30,0.02944,0.05896,0.01644,-0.00845,35.5,36.794
2025-08-24 07:45,0.03804,0.0697,0.02315,-0.00423,35.188,36.742
2025-08-24 08:00,0.03816,0.07526,0.02318,-0.00425,35.538,37.505
2025-08-24 08:15,0.0477,0.09322,0.02364,0.00858,35.137,37.106
2025-08-24 08:30,0.05472,0.10137,0.02636,0.01258,35.86,37.414
2025-08-24 08:45,0.06666,0.1115,0.0362,0.01676,36.022,37.99
2025-08-24 09:00,0.07728,0.13498,0.03722,0.03419,35.715,37.682
2025-08-24 09:15,0.08303,0.14687,0.046,0.04166,36.488,37.887
2025-08-24 09:30,0.09528,0.15655,0.04922,0.04978,36.113,38.753
2025-08-24 09:45,0.11486,0.20118,0.05881,0.07008,36.906,39.444
2025-08-24 10:00,0.12068,0.19651,0.06256,0.07008,36.598,38.15
2025-08-24 10:15,0.15103,0.24282,0.07506,0.0988,36.18,39.389
2025-08-24 10:30,0.18233,0.28474,0.08444,0.12595,37.224,40.021
2025-08-24 10:45,0.19086,0.32849,0.10041,0.15735,36.45,39.507
2025-08-24 11:00,0.21951,0.3827,0.11318,0.18816,36.953,40.163
2025-08-24 11:15,0.24555,0.40125,0.12124,0.20066,37.18,40.806
2025-08-24 11:30,0.24112,0.37388,0.11852,0.18085,37.943,39.911
2025-08-24 11:45,0.24921,0.39286,0.13353,0.19258,36.796,40.835
2025-08-24 12:00,0.23483,0.36673,0.1134,0.17112,36.806,40.274
2025-08-24 12:15,0.21448,0.35162,0.10954,0.1636,35.868,39.49
2025-08-24 12:30,0.2415,0.3886,0.1227,0.18452,36.993,39.374
2025-08-24 12:45,0.2605,0.39906,0.13178,0.18968,36.68,40.301
2025-08-24 13:00,0.2346,0.37544,0.1158,0.1749,37.311,40.522
2025-08-24 13:15,0.22969,0.37155,0.11776,0.17351,37.158,39.798
2025-08-24 13:30,0.27794,0.44368,0.14097,0.22047,37.003,40.626
2025-08-24 13:45,0.29008,0.47489,0.1501,0.24182,37.945,41.312
2025-08-24 14:00,0.28894,0.46916,0.14188,0.23824,37.263,40.214
2025-08-24 14:15,0.28388,0.4447,0.1385,0.21762,37.473,40.269
2025-08-24 14:30,0.2769,0.48298,0.14263,0.2453,37.842,41.622
2025-08-24 14:45,0.31665,0.50418,0.15665,0.25926,37.687,40.639
2025-08-24 15:00,0.31938,0.50276,0.16648,0.26027,36.809,40.591
2025-08-24 15:15,0.30434,0.49248,0.15618,0.25476,37.439,41.064
2025-08-24 15:30,0.29291,0.46162,0.14725,0.23132,37.017,40.488
2025-08-24 15:45,0.29508,0.47417,0.14641,0.23757,37.803,40.598
2025-08-24 16:00,0.37712,0.55375,0.18174,0.29224,39.051,41.02
2025-08-24 16:15,0.335,0.54978,0.1817,0.29462,37.748,42.358
2025-08-24 16:30,0.31159,0.49552,0.14992,0.2513,37.481,41.522
2025-08-24 16:45,0.30317,0.46916,0.14842,0.23224,37.487,39.87
2025-08-24 17:00,0.2952,0.47084,0.14334,0.23594,37.837,40.219
2025-08-24 17:15,0.29508,0.49172,0.15208,0.24924,38.314,41.266
2025-08-24 17:30,0.29914,0.49434,0.14116,0.2503,37.431,40.642
2025-08-24 17:45,0.29899,0.4834,0.15,0.24215,37.283,40.496
2025-08-24 18:00,0.30358,0.45848,0.148,0.23213,38.323,41.121
2025-08-24 18:15,0.27732,0.42512,0.12492,0.20394,36.531,40.155
2025-08-24 18:30,0.25187,0.39448,0.12093,0.18458,36.967,40.022
2025-08-24 18:45,0.23126,0.36462,0.11408,0.16138,36.559,39.201
2025-08-24 19:00,0.21224,0.33732,0.10073,0.14458,36.969,38.94
2025-08-24 19:15,0.18874,0.30805,0.09755,0.13353,35.967,39.591
2025-08-24 19:30,0.17591,0.27991,0.08376,0.11238,36.245,38.785
2025-08-24 19:45,0.16228,0.25952,0.08054,0.10048,35.772,39.398
2025-08-24 20:00,0.14658,0.24027,0.06759,0.08844,35.357,39.138
2025-08-24 20:15,0.13706,0.21947,0.06759,0.0763,35.463,38.105
2025-08-24 20:30,0.11987,0.19957,0.0614,0.06448,35.57,38.366
2025-08-24 20:45,0.10804,0.18328,0.05657,0.05448,35.255,37.638
2025-08-24 21:00,0.1162,0.17336,0.05976,0.05042,35.927,37.637
2025-08-24 21:15,0.10583,0.1712,0.0579,0.04731,35.503,38.559
2025-08-24 21:30,0.10443,0.15665,0.05678,0.04628,35.509,38.305
2025-08-24 21:45,0.08736,0.15749,0.05011,0.03784,35.057,37.024
2025-08-24 22:00,0.07756,0.14658,0.04972,0.03784,35.62,38.261
2025-08-24 22:15,0.07346,0.14658,0.04308,0.03784,34.887,36.855
2025-08-24 22:30,0.07379,0.1357,0.03984,0.0336,34.986,36.955
2025-08-24 22:45,0.05168,0.12991,0.02973,0.02932,35.348,37.316
2025-08-24 23:00,0.0744,0.11978,0.0381,0.01738,35.145,37.528
2025-08-24 23:15,0.06137,0.10998,0.0333,0.0126,35.026,36.423
2025-08-24 23:30,0.05956,0.11394,0.03286,0.01258,35.712,37.11
2025-08-24 23:45,0.06695,0.10702,0.03264,0.01253,34.833,38.044
2025-08-25,0.05858,0.10647,0.03264,0.01666,35.716,37.684
2025-08-25 00:15,0.05168,0.09738,0.0298,0.00836,35.247,37.214
2025-08-25 00:30,0.06398,0.0968,0.0362,0.00417,35.397,37.21
2025-08-25 00:45,0.05148,0.0979,0.0298,0.0084,35.205,37.017
2025-08-25 01:00,0.04708,0.1025,0.02636,0.01258,35.462,36.757
2025-08-25 01:15,0.05764,0.09528,0.03396,0.0043,35.247,35.972
2025-08-25 01:30,0.02286,0.09322,0.02033,0.0084,33.898,36.279
2025-08-25 01:45,0.05335,0.09046,0.02717,0,35.302,37.115
2025-08-25 02:00,0.05124,0.09269,0.02973,0.00422,34.837,37.634
2025-08-25 02:15,0.03444,0.08654,0.01977,0.00417,35.086,36.485
2025-08-25 02:30,0.03972,0.08892,0.02033,0.0043,35.336,36.732
2025-08-25 02:45,0.04731,0.09269,0.02646,0,35.013,36.151
2025-08-25 03:00,0.0427,0.08128,0.02315,-0.00423,35.385,37.767
2025-08-25 03:15,0.0477,0.08744,0.02667,0,35.228,36.936
2025-08-25 03:30,0.03936,0.08176,0.01999,-0.00423,34.92,36.214
2025-08-25 03:45,0.0446,0.0791,0.02738,0,35.552,37.362
2025-08-25 04:00,0.0399,0.07866,0.02391,-0.00435,35.229,36.626
2025-08-25 04:15,0.04344,0.08264,0.02992,0,35.49,37.043
2025-08-25 04:30,0.03855,0.08176,0.02315,-0.00425,34.708,37.501
2025-08-25 04:45,0.0606,0.07694,0.02992,-0.00425,34.809,37.189
2025-08-25 05:00,0.04366,0.07826,0.02364,0,34.765,36.318
2025-08-25 05:15,0.0132,0.07124,0.01338,-0.00425,35.588,36.313
2025-08-25 05:30,0.04238,0.07694,0.01977,-0.00425,34.708,37.09
2025-08-25 05:45,0.03475,0.0728,0.02033,-0.00435,35.689,37.086
2025-08-25 06:00,0.03428,0.07124,0.0199,-0.00855,34.974,36.527
2025-08-25 06:15,0.03772,0.07009,0.01973,-0.00851,35.389,37.614
2025-08-25 06:30,0.0418,0.08045,0.02298,0,35.329,37.296
2025-08-25 06:45,0.04216,0.0809,0.02315,0.00422,35.954,37.353
2025-08-25 07:00,0.0469,0.09738,0.02328,0.00846,35.598,37.151
2025-08-25 07:15,0.0554,0.1025,0.02992,0.0127,35.273,36.669
2025-08-25 07:30,0.06194,0.11647,0.03423,0.01728,35.387,37.096
2025-08-25 07:45,0.07756,0.12991,0.03999,0.02956,35.118,38.326
2025-08-25 08:00,0.09113,0.15247,0.04682,0.03804,35.224,37.345
2025-08-25 08:15,0.09286,0.1599,0.0494,0.04592,36.052,37.862
2025-08-25 08:30,0.11332,0.18233,0.05618,0.05881,36.569,38.378
2025-08-25 08:45,0.11534,0.20433,0.05547,0.07038,36.68,37.818
2025-08-25 09:00,0.12854,0.2196,0.06556,0.08303,36.993,38.544
2025-08-25 09:15,0.14458,0.24329,0.07284,0.10091,37.044,39.58
2025-08-25 09:30,0.14953,0.26,0.07458,0.11424,36.806,39.446
2025-08-25 09:45,0.16668,0.27726,0.08786,0.12262,36.887,39.681
2025-08-25 10:00,0.19338,0.30097,0.09124,0.1384,37.826,39.38
2025-08-25 10:15,0.19126,0.30816,0.09404,0.14104,37.717,39.116
2025-08-25 10:30,0.18526,0.34652,0.09924,0.17071,37.305,40.098
2025-08-25 10:45,0.17848,0.35606,0.09404,0.17504,36.945,40.153
2025-08-25 11:00,0.224,0.38464,0.12192,0.18894,37.722,40.257
2025-08-25 11:15,0.22407,0.38691,0.11318,0.19545,37.162,40.631
2025-08-25 11:30,0.23615,0.39286,0.12556,0.20312,37.62,40.417
2025-08-25 11:45,0.22667,0.4277,0.12712,0.22049,38.918,41.868
2025-08-25 12:00,0.24639,0.44502,0.1268,0.2267,37.275,42.142
2025-08-25 12:15,0.34717,0.4845,0.1923,0.25435,39.23,42.285
2025-08-25 12:30,0.24226,0.46191,0.12492,0.24182,36.794,40.833
2025-08-25 12:45,0.27699,0.45916,0.13398,0.23036,37.481,40.953
2025-08-25 13:00,0.34567,0.487,0.16896,0.25532,39.398,41.366
2025-08-25 13:15,0.29144,0.48802,0.1567,0.25636,36.957,41.669
2025-08-25 13:30,0.32807,0.50116,0.14039,0.25952,37.101,40.724
2025-08-25 13:45,0.3051,0.51896,0.16484,0.26904,37.635,40.587
2025-08-25 14:00,0.32108,0.51488,0.17564,0.27704,39.381,41.918
2025-08-25 14:15,0.31197,0.50098,0.15304,0.26017,36.486,40.265
2025-08-25 14:30,0.32116,0.52608,0.17434,0.27576,38.517,41.881
2025-08-25 14:45,0.3536,0.53266,0.18472,0.27832,38.821,42.186
2025-08-25 15:00,0.34441,0.52454,0.17507,0.27016,38.614,40.84
2025-08-25 15:15,0.30779,0.51223,0.14694,0.26798,38.046,41.93
2025-08-25 15:30,0.32514,0.51351,0.16068,0.26688,38.295,41.508
2025-08-25 15:45,0.29022,0.4932,0.1438,0.25636,37.843,41.313
2025-08-25 16:00,0.3007,0.50534,0.14525,0.26202,37.723,40.933
2025-08-25 16:15,0.3681,0.51765,0.18948,0.26202,40.159,40.883
2025-08-25 16:30,0.30376,0.51765,0.15262,0.26904,37.832,40.628
2025-08-25 16:45,0.29568,0.49088,0.15254,0.24658,37.213,40.837
2025-08-25 17:00,0.27868,0.47084,0.1407,0.23952,37.213,41.096
2025-08-25 17:15,0.2699,0.46506,0.14263,0.23757,37.627,40.835
2025-08-25 17:30,0.28766,0.4357,0.14284,0.21951,37.574,40.526
2025-08-25 17:45,0.25358,0.41652,0.12424,0.20532,37.062,40.428
2025-08-25 18:00,0.24186,0.40544,0.11776,0.18908,37.067,39.451
2025-08-25 18:15,0.2369,0.37915,0.11416,0.17706,36.947,40.157
2025-08-25 18:30,0.2064,0.35728,0.10393,0.16118,36.685,39.893
2025-08-25 18:45,0.19528,0.31902,0.09466,0.14188,36.392,39.188
2025-08-25 19:00,0.18636,0.29706,0.09434,0.12516,36.589,38.973
2025-08-25 19:15,0.15962,0.27664,0.07756,0.11332,35.292,39.592
2025-08-25 19:30,0.14926,0.24565,0.07584,0.09038,35.451,38.815
2025-08-25 19:45,0.1329,0.22438,0.06759,0.08034,35.556,38.508
2025-08-25 20:00,0.12292,0.1963,0.06387,0.06748,35.77,37.322
2025-08-25 20:15,0.11264,0.19025,0.05678,0.05906,35.967,38.091
2025-08-25 20:30,0.10852,0.17336,0.05678,0.05042,35.652,38.448
2025-08-25 20:45,0.09238,0.1533,0.04708,0.04252,35.803,38.028
2025-08-25 21:00,0.09038,0.15162,0.04648,0.03784,35.393,37.93
2025-08-25 21:15,0.07542,0.14228,0.04048,0.03402,34.824,37.205
2025-08-25 21:30,0.07824,0.13646,0.04014,0.03387,34.616,37.411
2025-08-25 21:45,0.0744,0.13646,0.04026,0.03387,35.2,37.168
2025-08-25 22:00,0.06276,0.12168,0.03064,0.02142,35.192,36.487
2025-08-25 22:15,0.06276,0.12168,0.03387,0.0213,35.097,37.065
2025-08-25 22:30,0.07174,0.12234,0.03722,0.0213,34.822,37.202
2025-08-25 22:45,0.06594,0.11708,0.03366,0.0129,35.443,37.253
2025-08-25 23:00,0.05764,0.11056,0.03032,0.01279,34.715,37.097
2025-08-25 23:15,0.05639,0.10472,0.0333,0.00848,34.821,37.202
2025-08-25 23:30,0.04878,0.1112,0.02702,0.01713,34.655,36.465
2025-08-25 23:45,0.05639,0.0937,0.03015,0.00855,34.814,36.522
2025-08-26,0.06422,0.09269,0.02992,0.00426,35.378,36.517
2025-08-26 00:15,0.03506,0.08744,0.02352,0.00424,35.381,36.934
2025-08-26 00:30,0.06956,0.09955,0.04354,0.00855,35.177,37.145
2025-08-26 00:45,0.05736,0.09046,0.03409,0.00436,35.341,37.049
2025-08-26 01:00,0.06114,0.09899,0.03674,0.00848,34.623,36.436
2025-08-26 01:15,0.06564,0.10713,0.04064,0.01313,35.284,37.095
2025-08-26 01:30,0.0763,0.0937,0.04618,0.00424,35.69,37.657
2025-08-26 01:45,0.05956,0.09269,0.03635,0.00848,35.235,37.356
2025-08-26 02:00,0.04384,0.09322,0.02992,0.00426,35.072,36.884
2025-08-26 02:15,0.04898,0.10233,0.0273,0.01318,35.8,37.352
2025-08-26 02:30,0.03076,0.09473,0.02033,0.01301,34.848,36.969
2025-08-26 02:45,0.03387,0.08698,0.01956,0.00836,35.012,36.565
2025-08-26 03:00,0.02184,0.08128,0.01661,0,34.452,36.005
2025-08-26 03:15,0.04628,0.08128,0.02622,0,35.063,37.182
2025-08-26 03:30,0.05448,0.08128,0.02941,-0.00423,35.677,36.97
2025-08-26 03:45,0.03387,0.08556,0.01967,0,35.873,37.424
2025-08-26 04:00,0.05193,0.07246,0.03366,-0.00865,35.475,36.614
2025-08-26 04:15,0.03936,0.07776,0.02364,0,35.233,36.63
2025-08-26 04:30,0.03936,0.07736,0.02358,-0.00429,34.926,36.479
2025-08-26 04:45,0.0429,0.07609,0.02646,-0.00425,34.87,36.838
2025-08-26 05:00,0.03444,0.07609,0.01985,-0.00425,34.513,36.479
2025-08-26 05:15,0.03475,0.07654,0.0199,-0.00849,35.441,36.321
2025-08-26 05:30,0.03804,0.07051,0.02298,-0.00851,35.488,37.041
2025-08-26 05:45,0.04238,0.07568,0.02304,-0.00425,35.346,36.899
2025-08-26 06:00,0.03419,0.07568,0.02315,-0.00425,34.613,36.838
2025-08-26 06:15,0.04628,0.08045,0.02622,0,34.618,36.998
2025-08-26 06:30,0.05148,0.09169,0.02636,0.00836,35.397,37.208
2025-08-26 06:45,0.06034,0.1158,0.0371,0.02158,34.938,37.889
2025-08-26 07:00,0.07756,0.13646,0.04036,0.03428,35.864,37.987
2025-08-26 07:15,0.09246,0.15905,0.046,0.04592,35.673,38.884
2025-08-26 07:30,0.0984,0.17846,0.0521,0.06239,35.609,38.247
2025-08-26 07:45,0.11024,0.19006,0.05618,0.06666,36.075,39.13
2025-08-26 08:00,0.12132,0.21102,0.0606,0.0763,36.071,38.607
2025-08-26 08:15,0.13518,0.22548,0.06828,0.08698,37.102,38.809
2025-08-26 08:30,0.14012,0.25324,0.07482,0.10664,36.828,39.053
2025-08-26 08:45,0.16497,0.26511,0.08471,0.11098,37.516,38.085
2025-08-26 09:00,0.16184,0.27108,0.08186,0.11147,36.127,40.165
2025-08-26 09:15,0.19905,0.3028,0.1043,0.14188,37.324,39.964
2025-08-26 09:30,0.18082,0.3023,0.09466,0.14104,37.536,39.247
2025-08-26 09:45,0.20512,0.32443,0.10739,0.1579,38.255,40.223
2025-08-26 10:00,0.22588,0.35299,0.11428,0.16668,37.687,40.744
2025-08-26 10:15,0.21762,0.36962,0.10809,0.17932,36.847,40.212
2025-08-26 10:30,0.23341,0.3864,0.11895,0.19126,37.949,40.746
2025-08-26 10:45,0.24612,0.40544,0.12474,0.1994,38.117,41.328
2025-08-26 11:00,0.25288,0.42852,0.13132,0.21862,37.37,40.996
2025-08-26 11:15,0.26488,0.44548,0.13836,0.23132,39.162,41.13
2025-08-26 11:30,0.27348,0.45142,0.14097,0.23757,39.333,40.886
2025-08-26 11:45,0.3031,0.47165,0.17147,0.25076,39.179,41.301
2025-08-26 12:00,0.31082,0.49434,0.15205,0.25592,37.571,40.937
2025-08-26 12:15,0.31234,0.51754,0.17222,0.2761,37.988,40.784
2025-08-26 12:30,0.3387,0.53312,0.17164,0.2853,38.512,41.723
2025-08-26 12:45,0.36068,0.5506,0.18538,0.29959,40.469,42.28
2025-08-26 13:00,0.31076,0.56544,0.16679,0.31292,37.934,42.231
2025-08-26 13:15,0.32624,0.56844,0.17261,0.30949,38.873,42.653
2025-08-26 13:30,0.3424,0.5476,0.17124,0.29698,37.904,41.945
2025-08-26 13:45,0.34012,0.58464,0.17682,0.32017,37.941,41.979
2025-08-26 14:00,0.3465,0.5675,0.18233,0.31201,38.209,41.576
2025-08-26 14:15,0.36884,0.5815,0.1933,0.31546,39.655,41.466
2025-08-26 14:30,0.35826,0.58626,0.18478,0.31975,37.987,41.611
2025-08-26 14:45,0.3465,0.56844,0.1817,0.30949,39.342,42.138
2025-08-26 15:00,0.35614,0.56357,0.18233,0.30608,38.265,41.32
2025-08-26 15:15,0.35298,0.55462,0.17552,0.29231,38.27,41.639
2025-08-26 15:30,0.35826,0.5687,0.17614,0.3051,38.874,41.102
2025-08-26 15:45,0.33122,0.54016,0.17483,0.28766,38.781,41.317
2025-08-26 16:00,0.31648,0.50388,0.1573,0.25698,37.499,40.971
2025-08-26 16:15,0.31387,0.49172,0.15982,0.25488,37.849,41.629
2025-08-26 16:30,0.33278,0.5384,0.16702,0.28298,38.676,41.06
2025-08-26 16:45,0.32764,0.52324,0.16954,0.27592,37.442,41.222
2025-08-26 17:00,0.30156,0.48605,0.15154,0.24874,38.209,41.422
2025-08-26 17:15,0.28896,0.4709,0.1428,0.24112,36.808,40.279
2025-08-26 17:30,0.28007,0.44709,0.13802,0.22222,37.759,41.127
2025-08-26 17:45,0.26826,0.43448,0.13122,0.21464,38.158,40.696
2025-08-26 18:00,0.24686,0.40544,0.12218,0.19984,36.609,39.251
2025-08-26 18:15,0.21824,0.36374,0.10816,0.1709,36.965,39.761
2025-08-26 18:30,0.19807,0.32926,0.10073,0.15026,36.187,40.226
2025-08-26 18:45,0.17757,0.3047,0.08786,0.13465,36.912,39.294
2025-08-26 19:00,0.16086,0.27078,0.08432,0.11725,36.599,39.396
2025-08-26 19:15,0.15618,0.25198,0.08109,0.10133,36.184,38.982
2025-08-26 19:30,0.1481,0.23638,0.07086,0.0888,35.714,38.251
2025-08-26 19:45,0.12541,0.21358,0.06709,0.08002,36.379,39.743
2025-08-26 20:00,0.1295,0.199,0.06734,0.07216,36.176,38.403
2025-08-26 20:15,0.11467,0.19025,0.06123,0.06808,34.574,38.611
2025-08-26 20:30,0.11467,0.19025,0.0577,0.06398,35.96,37.77
2025-08-26 20:45,0.10488,0.18633,0.05422,0.06422,36.126,37.42
2025-08-26 21:00,0.09614,0.17932,0.0474,0.0554,35.135,37.101
2025-08-26 21:15,0.10073,0.16934,0.05092,0.05148,34.875,38.086
2025-08-26 21:30,0.10397,0.16842,0.05734,0.0469,36.318,37.456
2025-08-26 21:45,0.09238,0.161,0.0516,0.04812,35.551,38.19
2025-08-26 22:00,0.09273,0.15586,0.05178,0.04812,35.189,38.397
2025-08-26 22:15,0.08736,0.15247,0.0474,0.04708,36.392,39.031
2025-08-26 22:30,0.0786,0.1474,0.0474,0.03855,35.707,37.675
2025-08-26 22:45,0.07408,0.14228,0.04396,0.03428,34.978,37.772
2025-08-26 23:00,0.08208,0.14658,0.04367,0.0427,35.601,37.311
2025-08-26 23:15,0.08174,0.13646,0.0438,0.03428,35.712,37.938
2025-08-26 23:30,0.07574,0.13427,0.04517,0.03088,35.973,38.357
2025-08-26 23:45,0.07408,0.1357,0.04048,0.03855,34.884,38.249
2025-08-27,0.07824,0.13718,0.04064,0.03444,35.262,38.319
2025-08-27 00:15,0.06896,0.1306,0.04036,0.02998,35.61,37.423
2025-08-27 00:30,0.06742,0.129,0.04166,0.02641,35.712,38.353
2025-08-27 00:45,0.07145,0.12972,0.03826,0.02654,34.991,37.527
2025-08-27 01:00,0.06482,0.12033,0.04048,0.02586,35.873,37.996
2025-08-27 01:15,0.07408,0.12033,0.04064,0.02574,35.823,37.376
2025-08-27 01:30,0.0705,0.1269,0.03746,0.02598,35.886,37.854
2025-08-27 01:45,0.0693,0.12616,0.04048,0.02586,35.713,37.524
2025-08-27 02:00,0.06683,0.1158,0.03746,0.02148,34.875,38.084
2025-08-27 02:15,0.06839,0.12616,0.04026,0.02574,35.971,38.612
2025-08-27 02:30,0.0622,0.12758,0.03759,0.02166,34.739,37.277
2025-08-27 02:45,0.06988,0.12234,0.04048,0.02158,35.041,37.836
2025-08-27 03:00,0.06709,0.12758,0.04094,0.02586,34.669,37.723
2025-08-27 03:15,0.06538,0.12234,0.04064,0.02166,34.879,37.519
2025-08-27 03:30,0.07145,0.11908,0.03826,0.02214,36.072,37.211
2025-08-27 03:45,0.05712,0.1158,0.03387,0.01721,35.142,37.94
2025-08-27 04:00,0.06171,0.11647,0.03734,0.02158,36.074,37.472
2025-08-27 04:15,0.08245,0.11708,0.04731,0.02166,35.299,37.112
2025-08-27 04:30,0.06114,0.11056,0.0371,0.02148,35.1,37.483
2025-08-27 04:45,0.06194,0.11182,0.03396,0.01738,35.295,36.847
2025-08-27 05:00,0.06594,0.10649,0.03746,0.01747,35.235,36.786
2025-08-27 05:15,0.05686,0.11647,0.03734,0.02166,35.35,37.732
2025-08-27 05:30,0.0584,0.10649,0.03434,0.01747,35.192,37.159
2025-08-27 05:45,0.06654,0.11708,0.03396,0.02166,34.986,36.955
2025-08-27 06:00,0.0662,0.11776,0.03746,0.02178,34.98,37.362
2025-08-27 06:15,0.0705,0.12306,0.04083,0.02178,34.985,37.106
2025-08-27 06:30,0.06956,0.13353,0.04064,0.03046,36.125,37.938
2025-08-27 06:45,0.08586,0.14823,0.04708,0.03884,35.446,38.242
2025-08-27 07:00,0.10532,0.17624,0.0511,0.05612,35.749,38.39
2025-08-27 07:15,0.11467,0.1984,0.0577,0.0687,35.761,37.987
2025-08-27 07:30,0.12292,0.22438,0.06428,0.0855,35.777,38.574
2025-08-27 07:45,0.13117,0.22684000000000001,0.068,0.08624,35.709,37.936
2025-08-27 08:00,0.15082,0.24514,0.07432,0.09854,36.537,39.486
2025-08-27 08:15,0.1581,0.27517,0.08054,0.11876,36.494,39.705
2025-08-27 08:30,0.17132,0.27664,0.09082,0.11477,36.501,39.453
2025-08-27 08:45,0.16988,0.29544,0.08728,0.13124,36.8,38.768
2025-08-27 09:00,0.17601,0.29076,0.0911,0.12728,37.273,38.827
2025-08-27 09:15,0.19654,0.31103,0.10356,0.14554,37.579,39.806
2025-08-27 09:30,0.18627,0.3122,0.09466,0.1425,36.659,40.13
2025-08-27 09:45,0.19638,0.33102,0.1043,0.15154,36.797,39.748
2025-08-27 10:00,0.2002,0.34452,0.10393,0.16316,36.176,40.214
2025-08-27 10:15,0.22024,0.36517,0.11332,0.1768,37.985,39.951
2025-08-27 10:30,0.23262,0.37711,0.12093,0.1846,37.584,39.139
2025-08-27 10:45,0.24014,0.39674,0.1241,0.1969,37.383,41.009
2025-08-27 11:00,0.23686,0.41181,0.13132,0.21762,38.284,40.927
2025-08-27 11:15,0.25655,0.43108,0.13262,0.22222,38.63,40.857
2025-08-27 11:30,0.28647,0.46832,0.15052,0.2435,38.468,41.111
2025-08-27 11:45,0.30615,0.49702,0.15467,0.26017,38.899,40.868
2025-08-27 12:00,0.28515,0.48758,0.14942,0.26628,38.018,41.906
