date,year,days_year,month,site,rh_max,rh_min,air_temp_avg,air_temp_max,air_temp_min,rain_tot,e_to_today,timestamp,record,air_temp_t_mx,air_temp_t_mn,dewpoint_temp_avg,dewpoint_temp_max,dewpoint_temp_min,mean_wind_speed,mean_wind_direction,std_dev_wind_dir,windspeed_gust_3s_max,windspeed_gust_3s_t_mx,wind_run_km,solar_mj_tot,sunshine_today,barometric_pressure_avg,barometric_pressure_max,barometric_pressure_min,logger_temp_avg,logger_temp_max,logger_temp_min,battery_volts_max,battery_volts_min
2025-03-25,2025,84,Mar,Winnefeld,96.5,62.99,10.62,15.9,7.157,0,1.455,2025-03-25 00:00:00,2014,NA,NA,8.19,10.39,5.946,0.867,273.3,26.11,6.2,NA,74.75,8.301251,1.056,0,0,0,12.66,19.61,7.983,14.04,12.59
2025-03-25,2025,84,Mar,Winnefeld,98.2,96.3,7.923,8.49,7.178,0,0.001,2025-03-25 00:00:00,2015,NA,NA,7.512,8.1,6.766,1.062,220,6.481,2.45,NA,3.734,2.726065e-5,0,0,0,0,8.68,8.81,8.5,12.77,12.67
2025-03-26,2025,85,Mar,Winnefeld,98.4,69.64,6.541,10.2,4.189,0,NA,2025-03-26 00:00:00,2016,NA,NA,4.872,8.44,2.945,1.842,260.3,30.68,5.95,NA,159,NA,0.944,0,0,0,8.59,14.47,5.062,14.12,12.6
2025-03-27,2025,86,Mar,Winnefeld,99,72.01,6.647,9.5,4.997,1,1,2025-03-27 00:00:00,2017,NA,NA,4.805,6.423,3.146,2.537,317.2,37.61,9.2,NA,209.9,7.256477,0.894,0,0,0,8.79,13.4,5.884,14.08,12.54
2025-03-28,2025,87,Mar,Winnefeld,91.7,41.89,7.537,15.36,2.633,0,2.221,2025-03-28 00:00:00,2018,NA,NA,2.84,5.63,0.346,1.067,291.3,65.53,4.7,NA,92,15.29531,2.7,0,0,0,9.83,19.25,2.838,14.18,12.67
2025-03-29,2025,88,Mar,Winnefeld,96.1,30.22,8.96,18.15,0.469,0,2.626,2025-03-29 00:00:00,2019,NA,NA,2.091,5.924,-0.289,1.158,273.5,65.98,9.7,NA,100,16.88928,2.975,0,0,0,11.12,22.27,0.573,14.21,12.59
2025-03-30,2025,89,Mar,Winnefeld,94.9,42.91,7.861,12.15,3.562,0,1.964,2025-03-30 00:00:00,2020,NA,NA,2.966,6.096,-0.551,3.044,321.9,34.28,9.95,NA,262.2,11.87041,1.917,0,0,0,9.96,16.1,3.955,14.07,12.56
2025-03-31,2025,90,Mar,Winnefeld,96.5,69.8,5.801,9.9,2.592,1.8,0.728,2025-03-31 00:00:00,2021,NA,NA,3.332,6.709,-0.217,2.931,254,28.98,16.45,NA,252.8,3.978923,0.389,0,0,0,6.94,12.59,2.728,14.09,12.65
2025-04-01,2025,91,Apr,Winnefeld,96.2,57.91,6.371,10.5,3.906,1,1.545,2025-04-01 00:00:00,2022,NA,NA,3.152,5.175,1.852,3.034,323.5,26.28,10.95,NA,261.7,10.1526,1.731,0,0,0,8.29,13.78,5.009,14.08,12.61
2025-04-02,2025,92,Apr,Winnefeld,96.8,48.46,6.536,12.1,0.408,0,2.279,2025-04-02 00:00:00,2023,NA,NA,1.783,4.6,-0.358,3.181,53.23,18.5,12.2,NA,274.4,14.84802,2.492,0,0,0,8.51,15.38,0.233,14.17,12.56
2025-04-03,2025,93,Apr,Winnefeld,89.1,42.02,9.35,15.37,2.875,0,2.917,2025-04-03 00:00:00,2024,NA,NA,3.1,5.711,1.014,2.541,72.11,21.16,11.7,NA,219.3,16.24451,3.081,0,0,0,11.37,19.29,3.35,14.16,12.6
2025-04-04,2025,94,Apr,Winnefeld,76.24,28.98,12.19,18.25,5.986,0,3.388,2025-04-04 00:00:00,2025,NA,NA,2.312,4.704,-0.997,1.813,95.7,22.11,8.7,NA,156.4,18.12388,3.656,0,0,0,14.08,22.5,5.617,14.11,12.63
2025-04-04,2025,94,Apr,Winnefeld,64.9,62.79,8.71,8.97,8.49,0,-0.019,2025-04-04 00:00:00,2026,NA,NA,2.275,2.449,2.133,0,0,0,0,NA,0,2.170127e-5,0,0,0,0,8.84,9.71,8.37,12.79,12.68
2025-04-05,2025,95,Apr,Winnefeld,81.4,34.27,13.22,21.15,5.664,0,3.262,2025-04-05 00:00:00,2027,NA,NA,4.615,7.613,1.883,0.857,50.52,25.26,6.45,NA,74.07,17.96107,3.569,0,0,0,15.45,25.33,5.529,14.11,12.64
2025-04-06,2025,96,Apr,Winnefeld,80.8,41.62,8.89,12.2,2.33,0,2.834,2025-04-06 00:00:00,2028,NA,NA,1.453,5.338,-5.049,3.748,0,0,14.95,NA,310.4,16.42566,3.008,0,0,0,11.42,16.23,3.588,14.1,12.67
2025-04-07,2025,97,Apr,Winnefeld,69.01,37.34,3.439,8.21,-1.15,0,2.509,2025-04-07 00:00:00,2029,NA,NA,-5.447,-2.864,-7.751,2.343,73.7,30.53,8.2,NA,202.1,18.60837,3.622,0,0,0,5.646,12.22,-1.293,14.26,12.58
2025-04-08,2025,98,Apr,Winnefeld,83.1,32.98,5.056,13.35,-2.791,0,2.48,2025-04-08 00:00:00,2030,NA,NA,-3.244,-0.345,-5.846,0.633,53.62,33.37,5.7,NA,54.69,18.60195,3.581,0,0,0,7.432,17.28,-2.599,14.29,12.56
2025-04-09,2025,99,Apr,Winnefeld,82,35.18,7.36,14.94,-0.016,0,2.435,2025-04-09 00:00:00,2031,NA,NA,-0.552,2.41,-2.906,0.691,89.4,25.74,6.2,NA,59.67,16.74855,2.819,0,0,0,9.63,19.18,0.249,14.21,12.6
2025-04-10,2025,100,Apr,Winnefeld,89,43.19,7.362,13.87,0.67,0,2.381,2025-04-10 00:00:00,2032,NA,NA,1.873,5.977,-1.64,1.501,315.7,30.69,7.7,NA,129.5,15.56991,2.686,0,0,0,9.76,18.4,0.957,14.2,12.6
2025-04-11,2025,101,Apr,Winnefeld,90,60.44,6.283,11.27,4.189,0,0.908,2025-04-11 00:00:00,2033,NA,NA,3.225,4.828,2.24,1.058,276.4,27.14,6.7,NA,91.3,6.839929,0.878,0,0,0,8.3,14.91,5.159,14.2,12.57
2025-04-12,2025,102,Apr,Winnefeld,94.6,42.47,9.28,16.18,3.744,0,2.523,2025-04-12 00:00:00,2034,NA,NA,4.88,6.803,2.679,2.221,257.2,26.01,8.2,NA,191.6,17.38477,2.831,0,0,0,11.53,20.07,4.169,14.26,12.61
2025-04-13,2025,103,Apr,Winnefeld,99.2,36.07,13.18,20.91,4.008,0,3.45,2025-04-13 00:00:00,2035,NA,NA,6.378,10.37,3.633,1.461,108.9,23.12,6.7,NA,126,19.07071,3.203,0,0,0,15.51,24.69,4.411,14.12,12.63
2025-04-14,2025,104,Apr,Winnefeld,98.4,57.7,12.74,17.42,9.52,2,1.245,2025-04-14 00:00:00,2036,NA,NA,8.94,12.33,5.737,1.369,223.3,18.97,10.95,NA,118.1,6.03905,0.542,0,0,0,14.57,20.42,9.72,14,12.68
2025-04-15,2025,105,Apr,Winnefeld,100,36.18,13.14,20.17,6.652,0.2,2.953,2025-04-15 00:00:00,2037,NA,NA,7.616,11.91,4.396,0.842,149.5,31.01,6.7,NA,72.7,18.63919,3.158,0,0,0,15.63,24.34,7.741,14.17,12.65
2025-04-15,2025,105,Apr,Winnefeld,74.14,70.99,12.07,12.34,11.82,0,-0.008,2025-04-15 00:00:00,2038,NA,NA,7.353,7.649,7.2,0.713,97.2,10.19,3.7,NA,2.507,2.638474e-5,0,0,0,0,12.71,12.83,12.54,12.8,12.67
2025-04-16,2025,106,Apr,Winnefeld,99,46.7,15.76,22.55,11.02,5,3.459,2025-04-16 00:00:00,2039,NA,NA,10.7,13.69,7.353,2.076,97.6,21.5,8.95,NA,179.3,17.73327,3.144,0,0,0,18.09,26.52,11.67,13.95,12.68
2025-04-17,2025,107,Apr,Winnefeld,100,45.59,14.05,22.02,7.823,0.2,2.88,2025-04-17 00:00:00,2040,NA,NA,10.82,14.82,7.774,1.455,10.58,67.3,13.2,NA,120.5,16.36235,2.678,0,0,0,16.69,26.18,9.15,14.04,12.66
2025-04-18,2025,108,Apr,Winnefeld,98.2,89.8,7.817,10.27,6.4,3.2,0.488,2025-04-18 00:00:00,2041,NA,NA,6.966,8.87,5.993,2.613,0,0,10.2,NA,225.4,3.257972,0.203,0,0,0,9.82,11.67,7.508,14.03,12.6
2025-04-19,2025,109,Apr,Winnefeld,99,94.1,6.408,7.318,5.462,1.2,0.381,2025-04-19 00:00:00,2042,NA,NA,6.059,6.927,5.201,1.561,275.1,28.08,6.95,NA,134.7,2.949406,0.144,0,0,0,8.06,10.14,6.49,14.19,12.57
2025-04-19,2025,109,Apr,Winnefeld,98.3,97.1,6.35,6.481,6.269,0,0.001,2025-04-19 00:00:00,2043,NA,NA,6.05,6.107,6.012,1.695,241.6,12.8,4.2,NA,5.961,2.501187e-5,0,0,0,0,7.329,7.379,7.206,12.79,12.67
2025-04-20,2025,110,Apr,Winnefeld,99,41.48,9.25,15.54,3.966,0,2.704,2025-04-20 00:00:00,2044,NA,NA,5.176,7.781,1.575,1.213,248.7,38.73,5.95,NA,104.8,19.22938,3.319,0,0,0,11.91,20.38,4.644,14.16,12.63
2025-04-21,2025,111,Apr,Winnefeld,100,44.63,11.72,20.87,1.954,6.2,3.258,2025-04-21 00:00:00,2045,NA,NA,7.623,11.68,1.786,1.503,310.7,83.4,10.45,NA,129.8,20.03053,4.236,0,0,0,14.3,25.79,2.798,14.16,12.65
2025-04-22,2025,112,Apr,Winnefeld,100,46.11,12.47,18.33,7.188,0,2.778,2025-04-22 00:00:00,2046,NA,NA,8.59,11.51,6.233,1.444,207.5,44.36,6.2,NA,124.7,17.61622,3.589,0,0,0,15.1,22.61,8.12,14.05,12.66
2025-04-23,2025,113,Apr,Winnefeld,100,66.01,10.86,16.08,8.22,3.2,1.404,2025-04-23 00:00:00,2047,NA,NA,9.57,12.34,7.801,0.993,207,47.66,5.95,NA,85.8,10.18372,1.5,0,0,0,13.22,20.15,9.05,14.15,12.68
2025-04-24,2025,114,Apr,Winnefeld,100,62.45,10.6,16.97,5.764,15,1.601,2025-04-24 00:00:00,2048,NA,NA,9.31,13.38,5.764,1.055,35.92,63.82,5.7,NA,87.3,10.44984,1.408,0,0,0,12.91,21.1,7.17,14.09,12.56
2025-04-25,2025,115,Apr,Winnefeld,100,73.02,10.99,13.47,9.22,0.4,1.312,2025-04-25 00:00:00,2049,NA,NA,9.32,11.72,7.933,2.636,33.05,25.14,10.95,NA,227.4,7.925971,0.917,0,0,0,12.89,16.87,9.09,14.04,12.71
2025-04-26,2025,116,Apr,Winnefeld,99.2,68.09,9.42,12.44,5.624,0,2.194,2025-04-26 00:00:00,2050,NA,NA,7.107,9.11,5.344,1.98,19.34,22.81,7.45,NA,170.8,18.27636,2.964,0,0,0,12.09,16.78,5.918,14.09,12.69
2025-04-27,2025,117,Apr,Winnefeld,99.9,43.41,10.91,16.79,3.422,0,3.44,2025-04-27 00:00:00,2051,NA,NA,4.957,8.52,1.814,1.875,92.9,19.99,7.95,NA,161.7,22.2069,3.969,0,0,0,13.14,20.92,4.334,14.14,12.64
2025-04-28,2025,118,Apr,Winnefeld,81.3,28.58,11.08,18.29,4.361,0,3.541,2025-04-28 00:00:00,2052,NA,NA,1.786,4.922,-1.183,1.47,103.7,21.52,5.95,NA,126.8,23.17486,4.094,0,0,0,13.43,21.91,4.62,14.11,12.65
2025-04-29,2025,119,Apr,Winnefeld,90.2,30.52,12.44,21.5,3.412,0,3.629,2025-04-29 00:00:00,2053,NA,NA,4.834,10.16,1.4,0.76,37.41,47.77,5.7,NA,65.6,23.13877,3.964,0,0,0,15.2,25.91,3.63,14.16,12.63
2025-04-30,2025,120,Apr,Winnefeld,90.4,40.54,14.1,22.21,6.067,0,3.485,2025-04-30 00:00:00,2054,NA,NA,7.696,13.49,2.804,0.703,324.5,36.77,5.95,NA,60.66,22.01989,3.411,0,0,0,16.85,27.02,6.499,14.15,12.65
2025-05-01,2025,121,May,Winnefeld,97.2,43.63,16.18,23.84,8.67,0,3.374,2025-05-01 00:00:00,2055,NA,NA,10.34,14.88,7.81,0.681,61.78,21.08,5.45,NA,58.75,20.92798,3.286,0,0,0,19.01,28.11,9.24,14.06,12.69
2025-05-02,2025,122,May,Winnefeld,96.5,33.71,17.57,25.94,9.7,0,3.827,2025-05-02 00:00:00,2056,NA,NA,11.18,16.71,8.15,0.913,115.1,35.94,5.95,NA,78.83,22.68736,3.683,0,0,0,20.19,30.04,10.39,13.99,12.68
2025-05-03,2025,123,May,Winnefeld,94.1,35.4,17.63,26.16,10.85,0,3.496,2025-05-03 00:00:00,2057,NA,NA,11.52,16.5,8.66,0.882,272.1,45.97,8.7,NA,76.12,19.25612,2.972,0,0,0,20.59,30.74,11.91,14.09,12.69
2025-05-04,2025,124,May,Winnefeld,97.7,76.51,12.21,15.7,8.79,0.6,1.084,2025-05-04 00:00:00,2058,NA,NA,10.55,14.48,5.653,1.347,8.73,78.62,10.2,NA,116.2,7.927494,0.894,0,0,0,14.43,19.45,10.62,14.03,12.69
2025-05-05,2025,125,May,Winnefeld,90.9,54.54,8.37,12.47,5.482,0,1.885,2025-05-05 00:00:00,2059,NA,NA,4.326,6.51,2.756,2.442,296.7,42.87,8.2,NA,210.6,12.33225,1.483,0,0,0,10.86,16.35,5.979,14.15,12.64
2025-05-06,2025,126,May,Winnefeld,93,57.19,8.19,12.58,3.169,0,2.032,2025-05-06 00:00:00,2060,NA,NA,4.438,8.26,1.92,2.457,22.76,42.97,7.95,NA,211.9,14.37996,2.094,0,0,0,10.81,16.08,3.999,14.13,12.62
2025-05-07,2025,127,May,Winnefeld,94.2,44.67,8.89,13.95,2.128,0,2.94,2025-05-07 00:00:00,2061,NA,NA,4.086,7.515,0.751,2.092,343.5,37.31,8.45,NA,180.4,21.7028,3.486,0,0,0,11.58,17.83,2.821,14.14,12.61
2025-05-08,2025,128,May,Winnefeld,97.3,42.75,10.13,15.42,4.866,0,2.83,2025-05-08 00:00:00,2062,NA,NA,3.873,8.05,-0.34,2.566,29.35,45.56,11.7,NA,221.4,16.81019,2.347,0,0,0,12.67,18.5,5.972,14.16,12.63
2025-05-09,2025,129,May,Winnefeld,83.6,39.12,8.66,14.23,2.774,0,3.095,2025-05-09 00:00:00,2063,NA,NA,0.731,4.717,-1.613,1.882,63.4,59.17,9.2,NA,162.4,19.47334,3.056,0,0,0,11.15,18.29,3.342,14.16,12.62
2025-05-10,2025,130,May,Winnefeld,88.9,37.69,10.04,18.14,1.622,0,3.048,2025-05-10 00:00:00,2064,NA,NA,3.545,8.41,-0.099,0.657,64.19,28.99,5.2,NA,56.72,20.87289,3.2,0,0,0,12.86,22.19,1.981,14.18,12.6
2025-05-11,2025,131,May,Winnefeld,89.8,35.99,12.57,21.43,2.916,0,3.826,2025-05-11 00:00:00,2065,NA,NA,5.216,9.84,1.165,0.873,79.3,49.36,6.2,NA,75.34,23.91635,4.519,0,0,0,15.44,25.52,3.832,14.13,12.62
2025-05-12,2025,132,May,Winnefeld,93.3,36.55,14.83,21.48,7.722,0,4.114,2025-05-12 00:00:00,2066,NA,NA,7.732,11.87,4.905,1.814,112.2,28.68,7.45,NA,156.5,24.48994,4.9,0,0,0,17.31,25.42,7.802,14.06,12.67
2025-05-12,2025,132,May,Winnefeld,77.17,70.81,10.71,11.31,9.78,0,-0.017,2025-05-12 00:00:00,2067,NA,NA,6.142,6.291,5.875,0.508,125.5,10.44,3.45,NA,1.785,2.759672e-5,0,0,0,0,11.53,11.81,10.9,12.78,12.65
2025-05-13,2025,133,May,Winnefeld,82.6,36.64,12.72,19.4,5.078,0,4.11,2025-05-13 00:00:00,2068,NA,NA,4.355,8.49,1.408,1.741,105,31.74,8.45,NA,150.3,25.11753,4.9,0,0,0,15.3,22.93,5.848,14.09,12.65
2025-05-14,2025,134,May,Winnefeld,84.8,33.87,12.95,20.3,4.402,0,4.075,2025-05-14 00:00:00,2069,NA,NA,3.775,7.878,0.96,1.499,112,32.32,9.2,NA,124,25.37646,4.903,0,0,0,15.41,23.75,4.727,14.12,12.64
2025-05-15,2025,135,May,Winnefeld,89.1,34.3,13.6,20.74,4.552,0,4.292,2025-05-15 00:00:00,2070,NA,NA,5.744,11.3,1.474,1.72,306.3,30.24,9.2,NA,148.4,24.74271,4.786,0,0,0,16.45,25.18,5.109,14.12,12.63
2025-05-16,2025,136,May,Winnefeld,92.7,36.79,11.09,16.53,6.076,0,3.8,2025-05-16 00:00:00,2071,NA,NA,3.593,7.052,-0.071,3.144,352,27.54,9.95,NA,271.2,23.74264,4.219,0,0,0,13.74,20.63,6.718,14.01,12.67
2025-05-17,2025,137,May,Winnefeld,96,40.53,11.06,18.59,3.623,0,3.317,2025-05-17 00:00:00,2072,NA,NA,5.887,8.48,2.479,1.846,299.8,37.54,11.45,NA,159.2,22.3637,4.011,0,0,0,13.85,22.49,4.062,14.13,12.61
2025-05-18,2025,138,May,Winnefeld,98.8,45.47,11,18.18,4.209,0,2.909,2025-05-18 00:00:00,2073,NA,NA,6.988,9.6,3.539,1.788,294,44.96,10.7,NA,154.2,19.68963,3.142,0,0,0,13.78,22.2,5.043,14.13,12.63
2025-05-19,2025,139,May,Winnefeld,97,59.69,10.42,15.34,6.854,0,1.733,2025-05-19 00:00:00,2074,NA,NA,7.419,11.19,5.492,1.723,275.8,43.8,8.45,NA,148.6,11.66646,1.869,0,0,0,12.71,19.18,8.01,14.05,12.65
2025-05-20,2025,140,May,Winnefeld,95.2,49.35,12.47,18.83,5.674,0,2.496,2025-05-20 00:00:00,2075,NA,NA,7.869,11.02,4.614,1.049,0,0,6.2,NA,90.5,16.03828,2.553,0,0,0,15.38,23.16,6.498,14.12,12.63
2025-05-21,2025,141,May,Winnefeld,98.9,53.46,14.19,20.3,6.007,0,2.658,2025-05-21 00:00:00,2076,NA,NA,10.09,13.81,5.681,0.478,359.8,41.03,4.7,NA,41.3,17.62002,3.044,0,0,0,17.38,25,7.016,14.08,12.65
2025-05-22,2025,142,May,Winnefeld,88.1,37.41,13.36,20.23,6.158,0,3.753,2025-05-22 00:00:00,2077,NA,NA,5.953,9.05,3.346,1.834,262.8,32.46,9.2,NA,158.2,22.89547,3.9,0,0,0,16.4,24.08,7.315,14.07,12.66
2025-05-23,2025,143,May,Winnefeld,92.1,39.92,8.6,14.35,2.158,0,2.379,2025-05-23 00:00:00,2078,NA,NA,3.611,6.904,0.3,1.694,289.1,33.36,13.45,NA,146.2,17.80096,2.603,0,0,0,11.28,17.96,3.092,14.07,12.64
2025-05-24,2025,144,May,Winnefeld,97.8,52.38,6.789,13.88,1.642,0,1.967,2025-05-24 00:00:00,2079,NA,NA,3.856,8.53,0.744,1.748,247,23.17,10.45,NA,150.7,16.37606,2.25,0,0,0,9.11,17.4,2.081,14.12,12.59
2025-05-24,2025,144,May,Winnefeld,97.8,96.4,3.339,4.39,2.592,0,-0.012,2025-05-24 00:00:00,2080,NA,NA,2.918,3.934,2.22,0,0,0,0,NA,0,2.459715e-5,0,0,0,0,4.502,5.143,3.722,12.75,12.6
2025-05-25,2025,145,May,Winnefeld,99.8,51.08,9.38,15.95,2.026,0.4,2.046,2025-05-25 00:00:00,2081,NA,NA,5.845,8.6,1.817,1.669,201.5,27.86,8.45,NA,144.1,13.73337,1.831,0,0,0,11.95,19.8,2.768,14.19,12.59
2025-05-26,2025,146,May,Winnefeld,99.7,88.2,12.27,17.05,8.7,4.2,1.069,2025-05-26 00:00:00,2082,NA,NA,11.78,16.08,8.37,1.318,215.1,26.65,7.95,NA,109,8.420592,1.022,0,0,0,14.4,20.2,9.7,13.98,12.66
2025-05-27,2025,147,May,Winnefeld,100,45.2,13.11,18.56,7.672,0.2,2.862,2025-05-27 00:00:00,2083,NA,NA,9.37,13.31,6.125,1.754,240.5,25.74,9.7,NA,151.3,19.38926,2.853,0,0,0,16.08,23.01,9,14.02,12.69
2025-05-27,2025,147,May,Winnefeld,94.8,92.8,8.51,9.05,7.752,0,-0.025,2025-05-27 00:00:00,2084,NA,NA,7.56,7.977,6.839,0.118,207,4.334,1.45,NA,0.416,2.311346e-5,0,0,0,0,9.85,10.6,9.15,12.79,12.66
2025-05-28,2025,148,May,Winnefeld,97.5,59.58,13.62,18.3,7.612,0.6,2.05,2025-05-28 00:00:00,2085,NA,NA,10.24,13.17,6.855,2.093,214.3,27.48,9.2,NA,180.7,12.36415,1.5,0,0,0,15.98,22.11,8.69,14.02,12.66
2025-05-29,2025,149,May,Winnefeld,98.7,70.34,13.68,18.44,9.69,6.4,1.83,2025-05-29 00:00:00,2086,NA,NA,12.54,15.68,9.1,2.748,252.2,36.73,12.7,NA,227.4,12.44604,1.333,0,0,0,16.07,22.48,10.66,13.93,12.61
2025-05-30,2025,150,May,Winnefeld,99.9,63.62,12.75,17.39,6.804,0.2,2.228,2025-05-30 00:00:00,2087,NA,NA,10.31,12.48,6.54,1.854,232.4,38.79,7.2,NA,159.8,14.5857,1.944,0,0,0,15.28,21.82,7.655,14.1,12.72
2025-05-31,2025,151,May,Winnefeld,96.6,54.78,17.87,24.63,13.02,0,NA,2025-05-31 00:00:00,2088,NA,NA,14.23,17.43,12.29,2.016,244.1,26.55,8.7,NA,173.9,NA,2.533,0,0,0,20.65,29.11,14.13,13.94,12.72
2025-06-01,2025,152,Jun,Winnefeld,99.9,58.87,18.49,26.29,11.35,0,2.97,2025-06-01 00:00:00,2089,NA,NA,15.79,21.53,11.2,0.849,245.2,36.33,7.2,NA,73.2,18.26935,2.667,0,0,0,21.85,30.82,12.46,13.97,12.71
2025-06-01,2025,152,Jun,Winnefeld,98.1,96.5,14,14.25,13.83,0,-0.014,2025-06-01 00:00:00,2090,NA,NA,13.61,13.96,13.46,0.748,258.2,45.62,2.2,NA,2.631,2.541944e-5,0,0,0,0,15.04,15.24,14.93,12.79,12.69
2025-06-02,2025,153,Jun,Winnefeld,98.8,68.54,16.77,21.58,12.28,0.4,2.23,2025-06-02 00:00:00,2091,NA,NA,14.85,19.32,11.64,1.562,225.9,36.41,7.7,NA,134.8,14.03295,2.028,0,0,0,19.38,26.73,13.41,13.87,12.68
2025-06-03,2025,154,Jun,Winnefeld,98.9,45.03,15.13,21.17,7.612,0,3.259,2025-06-03 00:00:00,2092,NA,NA,11.06,13.98,7.158,1.454,251.6,35.61,6.95,NA,120.3,20.47219,3.092,0,0,0,18.27,25.6,8.64,13.96,12.71
2025-06-03,2025,154,Jun,Winnefeld,98.4,97.7,7.893,8.23,7.5,0,-0.021,2025-06-03 00:00:00,2093,NA,NA,7.616,7.979,7.234,0.483,217.9,35.75,1.7,NA,1.699,2.332797e-5,0,0,0,0,8.64,8.7,8.42,12.76,12.64
2025-06-04,2025,155,Jun,Winnefeld,100,47.56,15.23,22.14,6.228,0,3.718,2025-06-04 00:00:00,2094,NA,NA,10.57,14.5,6.155,1.21,194.2,44.31,7.95,NA,104.5,23.71853,3.675,0,0,0,18.2,26.19,6.998,14.09,12.64
2025-06-05,2025,156,Jun,Winnefeld,99.4,64.43,16.57,21.49,10.55,2.4,2.271,2025-06-05 00:00:00,2095,NA,NA,14.01,16.89,10.11,1.611,204.2,31.05,7.2,NA,133.3,14.87797,2.15,0,0,0,19.37,26.1,11.9,13.97,12.62
2025-06-06,2025,157,Jun,Winnefeld,99.5,66.29,14.86,18.35,11.98,1,2.304,2025-06-06 00:00:00,2096,NA,NA,12.58,15.54,10.98,1.491,198.6,29.6,8.7,NA,128.6,15.68024,2.5,0,0,0,17.64,23.32,13.02,14.04,12.74
2025-06-07,2025,158,Jun,Winnefeld,98,53.83,15.2,19.94,11.13,0.8,2.625,2025-06-07 00:00:00,2097,NA,NA,11.89,14.24,9.21,2.383,219.2,35.3,10.45,NA,205.5,16.69959,2.197,0,0,0,17.74,23.63,12.11,13.93,12.71
2025-06-07,2025,158,Jun,Winnefeld,96.7,96,12.1,12.29,11.63,0,-0.022,2025-06-07 00:00:00,2098,NA,NA,11.55,11.76,11.12,0.129,262.5,19.34,2.45,NA,0.452,2.548916e-5,0,0,0,0,12.71,13.12,12.17,12.79,12.65
2025-06-08,2025,159,Jun,Winnefeld,100,68.41,13.81,18.58,9,1.2,2.128,2025-06-08 00:00:00,2099,NA,NA,11.98,14.9,8.89,1.361,226.7,26.69,8.7,NA,117.5,14.75507,2.231,0,0,0,16.44,22.35,9.92,14.03,12.68
2025-06-09,2025,160,Jun,Winnefeld,100,76.16,10.97,14.59,8.22,5.2,1.464,2025-06-09 00:00:00,2100,NA,NA,10.06,12.4,7.692,3,238.1,36.93,14.7,NA,248.2,12.59777,1.564,0,0,0,13.42,18.55,9.02,14.02,12.6
2025-06-10,2025,161,Jun,Winnefeld,99,60.04,11.36,17.51,5.926,0.2,1.935,2025-06-10 00:00:00,2101,NA,NA,8.72,11.96,5.597,1.177,239.4,19.38,6.95,NA,101.6,13.37984,2.056,0,0,0,14.08,21.56,6.435,14.09,12.72
2025-06-11,2025,162,Jun,Winnefeld,100,73.6,12.39,16.43,7.086,0,1.018,2025-06-11 00:00:00,2102,NA,NA,10.94,13.85,6.927,1.538,245.8,26.47,8.95,NA,132.7,6.308162,0.647,0,0,0,14.46,19.9,7.548,14.03,12.7
2025-06-12,2025,163,Jun,Winnefeld,97.3,53.08,13.35,20.06,8.94,0,2.42,2025-06-12 00:00:00,2103,NA,NA,9.72,14.06,7.749,1.43,279.1,56.35,5.45,NA,123.4,15.493,2.492,0,0,0,16.37,25.01,9.52,14.03,12.69
2025-06-13,2025,164,Jun,Winnefeld,97.5,39.6,16.76,23.82,6.976,0,4.05,2025-06-13 00:00:00,2104,NA,NA,10.46,15.29,6.303,2.109,97.1,29.92,7.95,NA,181.9,22.34834,3.947,0,0,0,19.3,27.3,7.854,14.02,12.67
2025-06-14,2025,165,Jun,Winnefeld,71.7,44.95,20.54,27.68,13.09,0,4.479,2025-06-14 00:00:00,2105,NA,NA,12.21,18.67,7.839,1.962,96,25.35,6.45,NA,169.2,21.86279,3.847,0,0,0,23.38,31.58,13.55,13.95,12.72
2025-06-15,2025,166,Jun,Winnefeld,93.7,44.39,22.94,31.63,15.52,0,NA,2025-06-15 00:00:00,2106,NA,NA,15.9,22.19,10.04,1.698,110.1,42.77,6.2,NA,146.5,NA,3.797,0,0,0,25.75,35.13,15.84,13.87,12.72
2025-06-16,2025,167,Jun,Winnefeld,97.2,68.28,18,21.5,14.1,0,1.476,2025-06-16 00:00:00,2107,NA,NA,16.07,19.53,12.44,1.002,269.8,34.52,6.2,NA,86.5,9.023977,1.203,0,0,0,20.89,26.17,14.79,13.84,12.71
2025-06-17,2025,168,Jun,Winnefeld,97.6,58.1,15.99,21.92,11.31,0,1.693,2025-06-17 00:00:00,2108,NA,NA,12.64,16.21,10.82,0.83,274.2,26.13,6.2,NA,71.64,9.016758,1.142,0,0,0,19.17,25.87,12.19,13.97,12.69
2025-06-17,2025,168,Jun,Winnefeld,98.1,97.4,11.15,11.33,10.93,0,0,2025-06-17 00:00:00,2109,NA,NA,10.81,10.98,10.58,0,0,0,0,NA,0,2.395541e-5,0,0,0,0,12.01,12.19,11.83,12.77,12.65
2025-06-18,2025,169,Jun,Winnefeld,100,43.2,18.63,27.17,9.56,0,2.231,2025-06-18 00:00:00,2110,NA,NA,13.87,18.87,9.47,0.382,225.2,28.74,4.95,NA,33.05,11.5601,1.561,0,0,0,22.06,31.83,10.54,13.99,12.64
2025-06-19,2025,170,Jun,Winnefeld,96.4,43.31,19.88,26.74,11.82,0,2.582,2025-06-19 00:00:00,2111,NA,NA,14.18,18.1,10.81,0.984,285.6,33.2,6.45,NA,81.4,11.66532,1.436,0,0,0,23.34,31.33,12.6,13.98,12.7
2025-06-20,2025,171,Jun,Winnefeld,97.5,49.67,16.49,21.5,10.51,0,2.543,2025-06-20 00:00:00,2112,NA,NA,10.72,14.49,6.975,1.914,0,0,8.45,NA,165.1,10.82737,1.503,0,0,0,19.77,25.09,10.89,13.96,12.69
2025-06-20,2025,171,Jun,Winnefeld,81,77.96,10.06,10.68,9.61,0,0.007,2025-06-20 00:00:00,2113,NA,NA,6.703,7.109,6.393,0.611,4.458,8.11,3.45,NA,2.149,2.464184e-5,0,0,0,0,10.71,11.05,9.9,12.76,12.64
2025-06-21,2025,172,Jun,Winnefeld,98.3,38.32,15.67,23.95,5.653,0,2.616,2025-06-21 00:00:00,2114,NA,NA,9.2,17.18,5.056,0.898,38.83,33.17,4.95,NA,77.59,12.60339,1.814,0,0,0,18.89,28.76,6.196,14.09,12.62
2025-06-22,2025,173,Jun,Winnefeld,91.3,27.63,19.03,29.56,8.18,0,2.342,2025-06-22 00:00:00,2115,NA,NA,10.01,15.48,6.724,1.08,106.7,62.81,5.2,NA,89.4,7.769715,0.903,0,0,0,22.04,32.98,9.17,14.01,12.58
2025-06-23,2025,174,Jun,Winnefeld,83.8,30.98,22.37,31.78,10.69,0,2.523,2025-06-23 00:00:00,2116,NA,NA,13.17,20.52,7.04,1.219,196.3,53.19,7.45,NA,105,6.5912,0.689,0,0,0,25.36,35.36,11.83,13.97,12.7
2025-06-23,2025,174,Jun,Winnefeld,73.38,60.19,20.58,21.13,19.52,0,0.028,2025-06-23 00:00:00,2117,NA,NA,13.92,14.69,13.09,1.131,252.1,20.16,4.2,NA,3.977,2.111315e-5,0,0,0,0,22.11,22.36,21.48,12.82,12.71
2025-06-24,2025,175,Jun,Winnefeld,88.6,49.78,17.39,22.5,10.08,0,1.764,2025-06-24 00:00:00,2118,NA,NA,11.74,15.48,6.994,2.429,240.7,28.05,13.2,NA,209.7,3.494356,0.175,0,0,0,20.13,25.82,10.81,13.88,12.71
2025-06-25,2025,176,Jun,Winnefeld,93.8,52.51,16.24,20.66,9.77,0,1.676,2025-06-25 00:00:00,2119,NA,NA,11.09,14.77,7.15,2.496,235.9,24.16,11.7,NA,206.6,3.655432,0.264,0,0,0,19.02,24.86,10.63,13.94,12.68
2025-06-26,2025,177,Jun,Winnefeld,99.1,41.08,21.05,28.63,12.64,0,2.014,2025-06-26 00:00:00,2120,NA,NA,15.01,17.32,11.9,1.538,258.8,32.58,8.45,NA,132.7,4.42042,0.369,0,0,0,23.92,32.75,13.86,13.97,12.69
2025-06-26,2025,177,Jun,Winnefeld,93.3,89.2,17.12,17.79,16.71,0,0,2025-06-26 00:00:00,2121,NA,NA,15.68,16.07,15.27,0,0,0,0,NA,0,2.474195e-5,0,0,0,0,18.34,18.99,17.8,12.8,12.71
2025-06-27,2025,178,Jun,Winnefeld,97.1,55.31,19.36,27.55,15.78,0.2,1.195,2025-06-27 00:00:00,2122,NA,NA,17,21.09,14.93,1.433,235.6,20.27,11.95,NA,123.7,4.959045,0.508,0,0,0,21.96,31.41,16.74,13.85,12.7
2025-06-28,2025,179,Jun,Winnefeld,99,81.2,15.4,17.67,11.2,0,1.07,2025-06-28 00:00:00,2123,NA,NA,13.72,15.75,11.05,1.741,247.7,23.01,6.7,NA,144,6.151509,0.508,0,0,0,17.96,20.63,12.27,13.98,12.72
2025-06-29,2025,180,Jun,Winnefeld,100,55.6,20.19,27.99,10.93,0,3.636,2025-06-29 00:00:00,2124,NA,NA,16.5,20.67,10.79,1.322,252.2,28.75,8.95,NA,114.1,19.62495,3.494,0,0,0,23.27,32.34,11.77,13.96,12.66
2025-06-30,2025,181,Jun,Winnefeld,98.7,51.09,21.85,28.79,15.73,0.2,3.47,2025-06-30 00:00:00,2125,NA,NA,17.8,21.36,15.3,1.513,270.4,49.47,8.45,NA,130.5,18.39453,2.828,0,0,0,25.22,33.12,16.71,13.86,12.71
2025-07-01,2025,182,Jul,Winnefeld,99.3,22.98,20.73,29.28,11.37,0.2,4.337,2025-07-01 00:00:00,2126,NA,NA,10.13,15.34,2.488,0.976,49.73,33.42,6.7,NA,84.2,22.22262,3.939,0,0,0,24.1,33.07,12.7,13.96,12.68
2025-07-02,2025,183,Jul,Winnefeld,77.32,23,23.74,35.58,12.2,0,4.222,2025-07-02 00:00:00,2127,NA,NA,12.31,20.47,6.663,0.614,69.84,55.67,3.95,NA,53.04,22.28217,3.933,0,0,0,26.86,39.09,13.68,13.92,12.68
2025-07-03,2025,184,Jul,Winnefeld,91.5,20.62,26.33,38.78,15.42,0,4.619,2025-07-03 00:00:00,2128,NA,NA,15.12,22.04,10.2,0.922,210.5,69.28,9.7,NA,79.57,21.58223,3.797,0,0,0,29.58,41.74,16.92,13.86,12.7
2025-07-04,2025,185,Jul,Winnefeld,96.2,37.85,18.5,24.72,13.73,0,3.308,2025-07-04 00:00:00,2129,NA,NA,12.39,17.61,8.58,1.965,310,42.18,8.45,NA,169.4,16.86726,2.572,0,0,0,21.44,28.39,14.54,13.87,12.7
2025-07-05,2025,186,Jul,Winnefeld,88.1,30.57,17.57,24.99,10.49,0,3.569,2025-07-05 00:00:00,2130,NA,NA,9.74,13.73,5.717,0.843,297.6,44.02,6.2,NA,72.75,20.39515,3.517,0,0,0,20.78,29.22,11.27,13.96,12.66
2025-07-06,2025,187,Jul,Winnefeld,94.7,31.41,18.32,26.43,8.47,0,3.371,2025-07-06 00:00:00,2131,NA,NA,9.31,13.41,6.562,1.184,243.8,32.8,8.45,NA,102.2,16.25263,2.275,0,0,0,21.2,30.65,9.16,14.01,12.64
2025-07-07,2025,188,Jul,Winnefeld,97.8,45.94,16.47,22.99,12.88,0,1.979,2025-07-07 00:00:00,2132,NA,NA,12.01,14.57,7.325,1.524,209.6,23.87,9.95,NA,131.5,8.609895,0.914,0,0,0,18.96,26.69,14.18,13.96,12.68
2025-07-08,2025,189,Jul,Winnefeld,99.3,75.99,14.78,19.77,11.55,1,1.612,2025-07-08 00:00:00,2133,NA,NA,13.81,17.27,11.04,1.025,228.8,32.35,6.2,NA,88.5,10.75889,1.381,0,0,0,17.16,23.66,12.53,14.03,12.67
2025-07-09,2025,190,Jul,Winnefeld,99.2,50.7,13.65,20.11,9.08,2,2.154,2025-07-09 00:00:00,2134,NA,NA,10.49,13.53,8.64,1.551,258,25.54,6.95,NA,133.8,14.19642,1.872,0,0,0,16.28,23.47,9.44,14.02,12.63
2025-07-10,2025,191,Jul,Winnefeld,97.7,55.49,15.82,21.96,11.68,7.4,2.211,2025-07-10 00:00:00,2135,NA,NA,12.39,15.69,10.65,1.846,260.4,34.29,7.95,NA,159.2,13.23833,1.897,0,0,0,18.38,25.74,12.12,13.97,12.66
2025-07-11,2025,192,Jul,Winnefeld,98.4,53.24,16.37,22.79,10.46,0,2.71,2025-07-11 00:00:00,2136,NA,NA,12.71,16.45,9.91,0.956,275.3,34.2,5.95,NA,82.5,16.69549,2.239,0,0,0,19.1,26.88,11.17,13.99,12.65
2025-07-12,2025,193,Jul,Winnefeld,96.8,51.99,17.38,23.34,12.26,0,2.623,2025-07-12 00:00:00,2137,NA,NA,13.02,15.74,11.39,1.282,333,23.64,6.2,NA,110.6,15.01781,1.733,0,0,0,20,27.48,13.32,14.05,12.67
2025-07-13,2025,194,Jul,Winnefeld,97.3,71.29,16.27,20.88,13.71,0,0.771,2025-07-13 00:00:00,2138,NA,NA,14.33,16.62,12.9,1.126,275.5,31.74,6.45,NA,97.1,4.439451,0.289,0,0,0,18.59,24.13,14.96,13.97,12.68
2025-07-14,2025,195,Jul,Winnefeld,98.8,46.49,18.79,25.82,14.63,1.2,1.704,2025-07-14 00:00:00,2139,NA,NA,15.27,18.24,12.88,0.881,285.2,38.53,4.7,NA,76.02,8.686369,1.031,0,0,0,21.9,30.32,15.96,13.84,12.68
2025-07-15,2025,196,Jul,Winnefeld,99.8,43.71,19.57,27.53,12.56,1.4,2.525,2025-07-15 00:00:00,2140,NA,NA,15.43,18.76,12.42,0.864,251,20.37,7.2,NA,74.61,11.82001,1.694,0,0,0,22.59,31.66,13.68,14.02,12.68
2025-07-16,2025,197,Jul,Winnefeld,99.9,41.64,16.76,23.51,11.97,9,2.318,2025-07-16 00:00:00,2141,NA,NA,13.47,16.61,9.3,1.225,260.8,30,8.45,NA,105.8,13.86898,1.933,0,0,0,19.26,27.13,12.96,14.01,12.68
2025-07-16,2025,197,Jul,Winnefeld,95.4,91.9,12.21,12.36,12.08,0,-0.02,2025-07-16 00:00:00,2142,NA,NA,11.24,11.66,10.87,0,0,0,0,NA,0,2.329579e-5,0,0,0,0,13.2,13.26,13.14,12.77,12.67
2025-07-17,2025,198,Jul,Winnefeld,98.9,81.7,13.59,16.87,9.67,6.8,1.054,2025-07-17 00:00:00,2143,NA,NA,12.88,15.89,9.28,0.669,248.8,22.6,6.2,NA,57.83,8.008774,0.797,0,0,0,15.75,20.51,10.57,14.02,12.63
2025-07-18,2025,199,Jul,Winnefeld,98.9,68.96,15.41,19.62,12.47,0,1.252,2025-07-18 00:00:00,2144,NA,NA,14.15,15.64,12.18,1.995,252.1,20.78,6.95,NA,165.1,7.183586,0.739,0,0,0,17.62,23.54,13.3,14.03,12.54
2025-07-19,2025,200,Jul,Winnefeld,98.2,55.67,17.79,25.51,13.81,0,1.497,2025-07-19 00:00:00,2145,NA,NA,15.73,18.8,13.44,0.979,248.8,30.8,3.95,NA,84.4,8.489727,0.939,0,0,0,20.39,29.13,14.8,13.98,12.59
2025-07-20,2025,201,Jul,Winnefeld,100,38.63,21.65,30.19,12.32,0,3.963,2025-07-20 00:00:00,2146,NA,NA,15.59,20.5,12.19,1.175,105.3,31.92,6.45,NA,101.3,19.75952,3.133,0,0,0,24.46,33.67,13.4,13.97,12.74
2025-07-21,2025,202,Jul,Winnefeld,98.4,45.78,21.88,29.45,15.88,1,NA,2025-07-21 00:00:00,2147,NA,NA,16.81,20.56,14.65,1.204,171.5,45.98,9.95,NA,103.9,NA,2.278,0,0,0,24.81,33.53,17.04,13.85,12.76
2025-07-22,2025,203,Jul,Winnefeld,99.5,92.9,16.13,18.57,11.83,3,0.697,2025-07-22 00:00:00,2148,NA,NA,15.7,18.03,11.62,0.636,136.6,37.09,5.2,NA,54.94,4.716693,0.378,0,0,0,18.1,21.46,12.83,13.94,12.7
2025-07-23,2025,204,Jul,Winnefeld,99.9,64,16.02,21.42,11.84,0.6,1.69,2025-07-23 00:00:00,2149,NA,NA,14.48,17.68,11.74,1.493,243,23.15,9.45,NA,128.8,10.09697,1.339,0,0,0,18.2,24.7,12.66,13.97,12.69
2025-07-23,2025,204,Jul,Winnefeld,98.4,98.3,15.2,15.27,15.16,0,-0.007,2025-07-23 00:00:00,2150,NA,NA,14.96,15.04,14.91,1.296,250.8,16.69,3.45,NA,4.558,2.23448e-5,0,0,0,0,16.18,16.27,16,12.79,12.68
2025-07-24,2025,205,Jul,Winnefeld,98.3,58.41,17.73,23.55,14.83,0.2,2.198,2025-07-24 00:00:00,2151,NA,NA,14.94,17.33,13.85,2.262,244.2,22.95,9.45,NA,195.3,12.25669,1.9,0,0,0,20.27,27.42,15.7,13.86,12.67
2025-07-25,2025,206,Jul,Winnefeld,98.9,45.5,19.09,26.86,13.41,0,3.238,2025-07-25 00:00:00,2152,NA,NA,15.18,19.12,13.02,1.171,245.8,44.73,5.2,NA,96.9,18.09807,3.053,0,0,0,22.05,31.75,14.31,13.92,12.72
2025-07-26,2025,207,Jul,Winnefeld,99.6,66.5,18.37,24.06,12.82,0,2.624,2025-07-26 00:00:00,2153,NA,NA,16.28,19.65,12.59,1.485,307.6,53.25,6.95,NA,128.1,16.27101,2.506,0,0,0,21.32,28.53,13.83,13.9,12.69
2025-07-27,2025,208,Jul,Winnefeld,98.3,41.81,18.94,26.54,13.21,0,3.381,2025-07-27 00:00:00,2154,NA,NA,14.09,17.39,11.73,1.114,302.1,59.28,5.2,NA,96.1,18.76853,3.264,0,0,0,22.02,30.17,14.38,14,12.7
2025-07-27,2025,208,Jul,Winnefeld,92.9,89.3,14.11,14.59,13.81,0,-0.003,2025-07-27 00:00:00,2155,NA,NA,12.75,13.09,12.39,0.6,230.7,24.66,1.95,NA,2.11,2.414311e-5,0,0,0,0,14.86,14.93,14.63,12.78,12.67
2025-07-28,2025,209,Jul,Winnefeld,98.5,75.48,16.18,21.22,13.12,1.2,1.37,2025-07-28 00:00:00,2156,NA,NA,14.94,18.4,12.72,1.18,255.7,49.45,7.95,NA,101.9,8.405017,1.044,0,0,0,18.48,25.13,14.05,13.89,12.68
2025-07-29,2025,210,Jul,Winnefeld,98.3,57.67,15.68,21.71,12.56,0,NA,2025-07-29 00:00:00,2157,NA,NA,13.52,16.32,12.01,1.806,289.6,47.96,8.2,NA,149.5,NA,1.575,0,0,0,18.19,25.14,13.16,13.96,12.67
2025-07-30,2025,211,Jul,Winnefeld,98.6,44.08,15.61,22.24,11.56,0,2.67,2025-07-30 00:00:00,2158,NA,NA,11.69,14.3,8.55,1.738,249.2,26.48,6.7,NA,149.9,15.61822,2.222,0,0,0,18.24,25.53,12.32,14,12.66
2025-07-31,2025,212,Jul,Winnefeld,98.5,47.75,15.81,21.74,9.2,0,2.868,2025-07-31 00:00:00,2159,NA,NA,11.35,14.26,8.57,1.232,257.5,30.83,7.45,NA,106.3,16.86922,2.819,0,0,0,18.78,25.42,10.3,14.01,12.66
2025-07-31,2025,212,Jul,Winnefeld,88.6,85.6,13.4,13.83,13.25,0,0.003,2025-07-31 00:00:00,2160,NA,NA,11.33,11.55,11.05,1.34,231.9,11.8,2.7,NA,4.713,2.59146e-5,0,0,0,0,14.3,14.44,14.12,12.78,12.66
2025-08-01,2025,213,Aug,Winnefeld,97.6,64.45,15.72,20.59,12.95,0,1.556,2025-08-01 00:00:00,2161,NA,NA,13.1,16.25,10.96,1.904,233.9,25.16,7.7,NA,164.4,7.786829,1.4,0,0,0,17.61,23.94,13.56,14.06,12.66
2025-08-02,2025,214,Aug,Winnefeld,98.5,67.82,15.51,21.1,13.5,3.2,1.975,2025-08-02 00:00:00,2162,NA,NA,14.14,18.12,13.14,2.01,243.9,22.77,9.2,NA,166.3,12.76999,2.278,0,0,0,18.06,23.79,14.62,14,12.67
2025-08-03,2025,215,Aug,Winnefeld,98.8,75.38,14.8,19.9,13.06,6.6,1.717,2025-08-03 00:00:00,2163,NA,NA,14,17.99,12.82,1.654,241.9,23.4,5.95,NA,142.4,12.08581,1.706,0,0,0,17.27,23.79,13.47,13.99,12.59
2025-08-04,2025,216,Aug,Winnefeld,98.9,79.48,14.28,18.06,12.26,2,0.891,2025-08-04 00:00:00,2164,NA,NA,13.14,16.19,12,1.574,231.7,29.14,6.7,NA,135.7,6.651504,0.783,0,0,0,16.36,20.98,13.4,14.08,12.72
2025-08-04,2025,216,Aug,Winnefeld,96.1,84.3,14.18,15.06,13.65,0.8,0.002,2025-08-04 00:00:00,2165,NA,NA,12.96,13.06,12.44,1.316,236.1,21.15,4.2,NA,4.627,2.475804e-5,0,0,0,0,15.61,16.24,14.93,12.82,12.7
2025-08-05,2025,217,Aug,Winnefeld,99.4,47.11,18.36,24.66,13.36,1.6,2.535,2025-08-05 00:00:00,2166,NA,NA,14.86,18.08,12.43,1.77,229.5,31.46,6.95,NA,152.8,12.8574,1.808,0,0,0,20.93,28.31,14.05,13.9,12.7
2025-08-06,2025,218,Aug,Winnefeld,97.9,48.15,16.06,22.11,9.89,0.4,2.509,2025-08-06 00:00:00,2167,NA,NA,12.31,16.54,7.649,2.103,247.3,30.95,8.7,NA,174,13.45006,1.908,0,0,0,18.47,25.76,10.77,14.03,12.71
2025-08-07,2025,219,Aug,Winnefeld,98,43.8,14.87,22.78,9.15,0,3.127,2025-08-07 00:00:00,2168,NA,NA,10.26,13.83,8.63,1.574,243.1,28.4,7.7,NA,135.5,18.69666,2.983,0,0,0,17.65,26.5,9.3,13.96,12.57
2025-08-07,2025,219,Aug,Winnefeld,96.2,95.6,9.48,9.6,9.39,0,-0.016,2025-08-07 00:00:00,2169,NA,NA,8.86,8.97,8.77,0.229,276.4,23.56,1.7,NA,0.807,2.208381e-5,0,0,0,0,10.2,10.23,10.16,12.78,12.69
2025-08-08,2025,220,Aug,Winnefeld,97.4,35.75,17.67,26.42,9.23,0,3.438,2025-08-08 00:00:00,2170,NA,NA,11.38,15.83,8.67,1.008,204.6,43.2,6.45,NA,87,17.44527,3.028,0,0,0,20.21,30.47,9.62,14.02,12.7
2025-08-09,2025,221,Aug,Winnefeld,94.8,52.69,18.96,25.82,13.33,0,2.613,2025-08-09 00:00:00,2171,NA,NA,14.18,18.69,11.65,0.922,246.5,24.43,6.7,NA,76.33,13.14454,1.808,0,0,0,21.66,29.87,14.5,13.97,12.63
2025-08-09,2025,221,Aug,Winnefeld,96.5,93.8,13.46,13.67,13.27,0,-0.011,2025-08-09 00:00:00,2172,NA,NA,12.81,13,12.5,0,0,0,0,NA,0,2.386424e-5,0,0,0,0,14.45,14.81,14.3,12.8,12.71
2025-08-10,2025,222,Aug,Winnefeld,99.4,41.45,20.38,30.32,11.71,0,3.717,2025-08-10 00:00:00,2173,NA,NA,14.54,20.02,11.43,0.823,263.3,51.86,4.95,NA,71.12,19.06307,2.931,0,0,0,23.1,33.42,12.46,14.03,12.71
2025-08-11,2025,223,Aug,Winnefeld,96.8,42.57,17.92,25.51,10.58,0,3.393,2025-08-11 00:00:00,2174,NA,NA,12.06,15.04,9.58,1.279,306.6,51.55,6.2,NA,105.8,17.73683,2.672,0,0,0,20.98,29.5,11.57,13.97,12.7
2025-08-12,2025,224,Aug,Winnefeld,98.6,27.78,19.48,30.34,9.67,0,4.202,2025-08-12 00:00:00,2175,NA,NA,11.27,17.05,7.948,0.758,0,0,4.7,NA,65.42,22.13099,3.619,0,0,0,22.09,33.28,10.71,14.05,12.64
2025-08-12,2025,224,Aug,Winnefeld,78.59,72.79,14.24,14.94,13.81,0,-0.022,2025-08-12 00:00:00,2176,NA,NA,10.17,10.27,10.04,0.218,248.8,22.06,1.45,NA,0.767,2.640261e-5,0,0,0,0,15.25,15.78,14.67,12.78,12.68
2025-08-13,2025,225,Aug,Winnefeld,85.9,30.31,21.75,31.3,11.77,0,4.386,2025-08-13 00:00:00,2177,NA,NA,12.47,16.33,9.34,1.078,110.7,39.15,6.95,NA,93.1,20.18025,3.197,0,0,0,24.05,33.9,12.23,13.92,12.67
2025-08-14,2025,226,Aug,Winnefeld,83.4,31.09,24.52,35.88,13.85,0,4.235,2025-08-14 00:00:00,2178,NA,NA,15.22,20.75,10.17,0.688,231.3,38.62,5.45,NA,56.97,20.32894,3.3,0,0,0,27.62,39.79,15.02,13.92,12.7
2025-08-15,2025,227,Aug,Winnefeld,84.9,30.99,25.9,36.76,17.56,0,3.844,2025-08-15 00:00:00,2179,NA,NA,17.42,22.42,14.21,0.602,212,44.86,4.95,NA,51.99,18.42442,3.269,0,0,0,28.75,40.34,18.5,13.82,12.72
2025-08-16,2025,228,Aug,Winnefeld,88.1,43.32,23.59,29.31,17.1,0,4.093,2025-08-16 00:00:00,2180,NA,NA,16.92,21.33,14.54,1.513,331.3,35.21,6.95,NA,130.3,19.00693,3.494,0,0,0,26.47,33.35,18.06,13.85,12.65
2025-08-17,2025,229,Aug,Winnefeld,95.9,65.98,17.22,21.27,10.52,0,1.343,2025-08-17 00:00:00,2181,NA,NA,14.32,16.37,9.11,1.311,336.9,23.49,5.95,NA,112.9,7.284336,0.831,0,0,0,19.4,24.81,11.17,13.85,12.62
2025-08-18,2025,230,Aug,Winnefeld,97.7,66.4,13.76,20.86,8.79,0,1.422,2025-08-18 00:00:00,2182,NA,NA,11.67,15.6,8.02,0.786,274.8,30.33,4.95,NA,67.9,9.101939,1.075,0,0,0,15.94,23.85,9.37,14,12.71
2025-08-18,2025,230,Aug,Winnefeld,98.5,97.1,11.57,11.88,11.37,0,-0.003,2025-08-18 00:00:00,2183,NA,NA,11.27,11.65,10.95,0,0,0,0,NA,0,2.472944e-5,0,0,0,0,12.3,12.42,12.24,12.79,12.69
2025-08-19,2025,231,Aug,Winnefeld,99.5,35.45,17.55,28.09,9.1,0,3.525,2025-08-19 00:00:00,2184,NA,NA,11.3,15.63,8.98,0.652,60.61,32.64,4.95,NA,56.31,18.80477,3.356,0,0,0,20.3,31.13,9.81,14.02,12.67
2025-08-20,2025,232,Aug,Winnefeld,89.6,26.71,20.06,29.97,10.07,0,3.989,2025-08-20 00:00:00,2185,NA,NA,10.85,14.78,8.18,0.847,134.1,68.14,4.95,NA,70.12,20.45714,4.069,0,0,0,22.69,33.49,10.62,13.99,12.68
2025-08-21,2025,233,Aug,Winnefeld,97.5,49.7,16.81,23.51,11.71,0,2.896,2025-08-21 00:00:00,2186,NA,NA,12.18,14.89,10.48,1.23,5.572,24.48,6.2,NA,106.1,16.13137,3.156,0,0,0,19.27,27.95,12.68,13.99,12.68
2025-08-22,2025,234,Aug,Winnefeld,97.4,45.25,16.67,23.39,9.04,0,3.388,2025-08-22 00:00:00,2187,NA,NA,10.7,14.53,6.743,1.89,3.086,26.45,8.7,NA,163,16.86766,2.997,0,0,0,19.37,28.58,9.93,13.96,12.66
2025-08-23,2025,235,Aug,Winnefeld,93.3,50.64,12.95,17.23,8.21,0,1.408,2025-08-23 00:00:00,2188,NA,NA,8.51,10.65,6.246,0.971,265.7,22.01,6.2,NA,83.7,7.751515,1.156,0,0,0,14.96,20.62,8.73,13.99,12.64
2025-08-24,2025,236,Aug,Winnefeld,97.1,50.45,11.97,18.68,7.258,0,1.622,2025-08-24 00:00:00,2189,NA,NA,8.93,12.63,6.473,1.237,279.8,33.51,7.7,NA,106.7,9.03451,1.239,0,0,0,14.05,21.9,8.11,14,12.65
2025-08-25,2025,237,Aug,Winnefeld,99.6,40.66,11.72,20.82,5.33,0,2.04,2025-08-25 00:00:00,2190,NA,NA,7.261,11.45,5.124,0.522,293.8,33.92,5.45,NA,45.09,12.4046,1.972,0,0,0,14.12,25.23,5.973,14.19,12.6
2025-08-26,2025,238,Aug,Winnefeld,98.4,39.4,13.4,22.52,4.562,0,3.136,2025-08-26 00:00:00,2191,NA,NA,7.696,11.18,3.935,0.706,268.6,30.5,5.95,NA,60.81,18.82066,3.031,0,0,0,16.04,26.66,5.535,14.06,12.51
2025-08-26,2025,238,Aug,Winnefeld,91.5,89.2,9.18,9.38,9,0,-0.017,2025-08-26 00:00:00,2192,NA,NA,7.701,7.953,7.486,0,0,0,0,NA,0,2.295794e-5,0,0,0,0,9.92,10.16,9.65,12.78,12.69
2025-08-27,2025,239,Aug,Winnefeld,98.5,32.14,17.39,26.99,7.056,0,3.517,2025-08-27 00:00:00,2193,NA,NA,9.49,12.47,6.491,0.799,153.4,35.79,6.2,NA,69.02,17.82278,3.122,0,0,0,19.81,29.99,7.817,14.08,12.7
2025-08-28,2025,240,Aug,Winnefeld,98,39.62,20.39,28.17,14.7,5.4,3.338,2025-08-28 00:00:00,2194,NA,NA,13.65,17.39,9.06,1.124,200.9,25.49,10.7,NA,93,15.31175,2.617,0,0,0,23.06,31.77,15.71,13.9,12.73
2025-08-28,2025,240,Aug,Winnefeld,97.9,97.4,16.28,16.43,15.87,0,-0.013,2025-08-28 00:00:00,2195,NA,NA,15.92,16.12,15.48,0,0,0,0,NA,0,2.476519e-5,0,0,0,0,17.53,17.64,17.22,12.78,12.69
2025-08-29,2025,241,Aug,Winnefeld,99.2,74.88,17.74,21.72,14.77,0.2,NA,2025-08-29 00:00:00,2196,NA,NA,16.51,19.03,14.3,0.437,198.6,11.95,5.7,NA,37.73,NA,0.678,0,0,0,19.77,25.4,15.69,13.94,12.68
2025-08-30,2025,242,Aug,Winnefeld,99.3,48.74,17.41,24.47,14.48,2,2.297,2025-08-30 00:00:00,2197,NA,NA,13.79,18.49,11.15,0.929,174.8,34.72,6.95,NA,76.89,12.08234,1.722,0,0,0,19.47,27.19,15.74,13.92,12.6
2025-08-30,2025,242,Aug,Winnefeld,83,77.71,15.39,15.91,14.85,0,0.011,2025-08-30 00:00:00,2198,NA,NA,12.02,12.2,11.94,1.884,202.9,22.83,3.95,NA,6.626,2.070916e-5,0,0,0,0,16.33,16.64,15.87,12.82,12.73
2025-08-31,2025,243,Aug,Winnefeld,98.5,50.89,15.95,23.69,10.69,0,2.057,2025-08-31 00:00:00,2199,NA,NA,12.71,16.62,10.34,0.895,227.9,25.65,8.95,NA,77.35,11.39178,1.375,0,0,0,18.51,27.63,11.64,13.9,12.71
2025-09-01,2025,244,Sep,Winnefeld,99.8,53.48,17.43,24.88,9.66,0,2.165,2025-09-01 00:00:00,2200,NA,NA,13.44,16.43,9.47,1.028,176.4,24.5,7.95,NA,85.1,10.09434,1.311,0,0,0,19.86,27.76,10.58,13.99,12.69
2025-09-02,2025,245,Sep,Winnefeld,96.8,64.67,16.58,21.63,13.17,0,1.15,2025-09-02 00:00:00,2201,NA,NA,13.71,16.39,11.54,0.583,201.3,26.34,4.95,NA,50.29,6.52148,0.664,0,0,0,18.66,24.92,14.08,13.94,12.7
2025-09-03,2025,246,Sep,Winnefeld,99.2,46.29,16.14,22.61,10.12,0,2.215,2025-09-03 00:00:00,2202,NA,NA,11.89,15.61,8.78,0.752,216.1,20.48,7.45,NA,64.9,11.50278,1.842,0,0,0,18.64,26.09,11.02,14.03,12.66
2025-09-04,2025,247,Sep,Winnefeld,93.4,59.56,17.2,22.56,10.33,0,1.944,2025-09-04 00:00:00,2203,NA,NA,12.92,15.14,9.26,1.869,175.9,30.71,10.2,NA,161.2,8.012729,1.019,0,0,0,19.13,26.1,10.93,13.96,12.67
2025-09-04,2025,247,Sep,Winnefeld,86.6,80,16.58,17.59,15.78,0,-0.006,2025-09-04 00:00:00,2204,NA,NA,13.78,14.12,13.34,0.265,176.1,15.45,3.45,NA,0.932,2.645624e-5,0,0,0,0,17.27,17.65,16.97,12.81,12.71
2025-09-05,2025,248,Sep,Winnefeld,96.6,41.84,19.27,25.67,13.58,0.8,3.405,2025-09-05 00:00:00,2205,NA,NA,13.47,15.66,11.45,1.836,209,21.75,8.95,NA,158.5,13.77526,2.372,0,0,0,21.81,29.3,14.22,13.89,12.67
2025-09-06,2025,249,Sep,Winnefeld,97.3,47.82,15.69,22.05,9.61,2.8,2.4,2025-09-06 00:00:00,2206,NA,NA,11.89,15.05,8.7,1.402,256.3,23.29,7.95,NA,116,12.80534,2.208,0,0,0,18.35,25.84,10.28,13.98,12.67
2025-09-07,2025,250,Sep,Winnefeld,99.3,39.69,14.9,23.57,7.097,0,2.442,2025-09-07 00:00:00,2207,NA,NA,9.99,14.43,6.902,0.459,135.3,32.67,4.2,NA,39.61,13.33741,2.411,0,0,0,17.28,26.75,8.09,14.05,12.63
2025-09-07,2025,250,Sep,Winnefeld,81.3,77.9,13.62,13.8,13.39,0,-0.01,2025-09-07 00:00:00,2208,NA,NA,10.18,10.28,10,0.036,108.4,3.154,1.95,NA,0.125,2.475804e-5,0,0,0,0,14.25,14.34,14.03,12.79,12.68
2025-09-08,2025,251,Sep,Winnefeld,87.3,40.18,17.28,24.67,11.98,0,3.052,2025-09-08 00:00:00,2209,NA,NA,10.47,13.66,8.64,1.784,113.5,23.14,8.7,NA,154.1,12.36064,2.172,0,0,0,19.24,27.21,12.4,13.93,12.65
2025-09-09,2025,252,Sep,Winnefeld,92.2,49.31,17.32,22.88,10.62,0,2.053,2025-09-09 00:00:00,2210,NA,NA,11.79,14.95,8.16,0.96,116.7,32.1,6.2,NA,79.46,9.125345,1.408,0,0,0,19.65,26.66,11,13.99,12.67
2025-09-10,2025,253,Sep,Winnefeld,97.8,55.81,15.79,21.51,10.87,0.2,1.555,2025-09-10 00:00:00,2211,NA,NA,12.87,15.13,9.67,0.445,97.3,22.01,6.7,NA,38.42,7.61346,1.142,0,0,0,17.83,25.03,11.53,13.99,12.65
2025-09-10,2025,253,Sep,Winnefeld,98,97.7,14,14.32,13.79,0,0,2025-09-10 00:00:00,2212,NA,NA,13.67,13.98,13.45,0,0,0,0,NA,0,2.852984e-5,0,0,0,0,15.21,15.47,14.97,12.8,12.69
2025-09-11,2025,254,Sep,Winnefeld,98.9,79.34,13.48,16.46,9.68,0.2,0.924,2025-09-11 00:00:00,2213,NA,NA,12.41,15.06,9.37,0,0,0,0,NA,0,5.522707,0.592,0,0,0,15.5,20.38,10.46,14.03,12.65
2025-09-12,2025,255,Sep,Winnefeld,99.4,59.35,12.9,18.1,9.26,4.4,1.05,2025-09-12 00:00:00,2214,NA,NA,11.66,15.01,9.07,0.628,229.6,16.12,7.95,NA,52.02,6.399738,0.772,0,0,0,14.88,21.36,9.87,14.14,12.66
2025-09-13,2025,256,Sep,Winnefeld,98.6,65.25,12.49,16.48,8.15,3.2,1.009,2025-09-13 00:00:00,2215,NA,NA,10.71,13,7.817,1.173,213.8,20.61,9.95,NA,101.2,5.151021,0.464,0,0,0,14.66,19.68,8.97,13.99,12.59
2025-09-14,2025,257,Sep,Winnefeld,98.6,68.41,12.34,19.59,7.37,4.6,0.721,2025-09-14 00:00:00,2216,NA,NA,10.69,15.29,7.09,0.594,169.4,25.44,8.7,NA,51.26,3.842936,0.278,0,0,0,14.03,22.46,7.824,14.12,12.58
2025-09-15,2025,258,Sep,Winnefeld,97.5,54.63,12.83,18.53,9.42,0.4,1.081,2025-09-15 00:00:00,2217,NA,NA,10.16,12.12,8.33,1.359,233,26.98,6.7,NA,117,5.140445,0.483,0,0,0,15.13,22.28,10.46,13.95,12.56
2025-09-15,2025,258,Sep,Winnefeld,92.8,88.3,11.76,11.93,11.65,0,-0.001,2025-09-15 00:00:00,2218,NA,NA,10.42,10.73,10.01,0.005,87.5,0.073,2.2,NA,0.018,2.835108e-5,0,0,0,0,12.55,12.69,12.45,12.8,12.71
2025-09-16,2025,259,Sep,Winnefeld,97.5,49.52,15.92,19.77,11.87,8.6,2.11,2025-09-16 00:00:00,2219,NA,NA,11.6,16.64,7.6,3.563,231.6,29.31,14.7,NA,307.9,6.788944,0.656,0,0,0,17.88,23.37,12.59,13.84,12.72
2025-09-17,2025,260,Sep,Winnefeld,96.1,53.95,13.07,16.58,10.11,0.8,1.606,2025-09-17 00:00:00,2220,NA,NA,9.22,11,6.559,4.006,240.7,23.29,13.2,NA,331.9,4.741115,0.475,0,0,0,14.78,19.55,10.77,13.93,12.69
2025-09-18,2025,261,Sep,Winnefeld,97.3,67.51,12.79,15.72,10.2,0.2,1.017,2025-09-18 00:00:00,2221,NA,NA,10.38,12.72,9.31,1.839,228.6,27.59,8.2,NA,158.6,3.926893,0.294,0,0,0,14.51,19.24,10.79,13.95,12.6
2025-09-18,2025,261,Sep,Winnefeld,97.4,97.1,12.37,12.47,12.32,0,0.001,2025-09-18 00:00:00,2222,NA,NA,11.97,12.06,11.92,0.165,312.6,18.27,1.45,NA,0.582,2.482418e-5,0,0,0,0,13.43,13.54,12.87,12.8,12.7
2025-09-19,2025,262,Sep,Winnefeld,97.2,70.59,16.34,21.54,12.44,0.2,NA,2025-09-19 00:00:00,2223,NA,NA,14.29,17.27,12,1.553,240.6,28.56,7.95,NA,134.1,NA,0.456,0,0,0,18.15,25.66,13.48,13.97,12.64
